{"times": {"train": [15.100877046585083, 8.503830671310425, 8.566543579101562, 10.204928636550903, 9.409971237182617, 8.541330337524414, 10.166799306869507, 9.382825136184692, 10.259541749954224, 10.153501987457275, 9.28881287574768, 10.226535320281982, 10.207284450531006, 9.405373096466064, 9.328644752502441, 8.437619686126709, 11.157265663146973, 11.024994611740112, 9.340479612350464, 9.341065645217896, 9.365157127380371, 10.242973566055298, 9.359021186828613, 11.145578622817993, 10.180631637573242, 10.261134624481201, 10.20293378829956, 10.20607614517212, 10.102831363677979, 10.210878133773804, 9.332908153533936, 8.496826887130737, 8.433701038360596, 8.386661529541016, 11.051274061203003, 10.113851308822632, 10.204073667526245, 9.28692364692688, 9.273617506027222, 10.283109426498413, 11.077322244644165, 10.174190759658813, 10.194286584854126, 9.239010095596313, 9.343915939331055, 9.284334182739258, 11.911863803863525, 8.364804983139038, 8.446571350097656, 9.317580699920654], "comm_send": [0.0009179115295410156, 0.0009233951568603516, 0.0009777545928955078, 0.0009474754333496094, 0.0016617774963378906, 0.00087738037109375, 0.0008924007415771484, 0.000919342041015625, 0.0009946823120117188, 0.0009114742279052734, 0.0008676052093505859, 0.0008864402770996094, 0.001024484634399414, 0.0009703636169433594, 0.0009996891021728516, 0.0010571479797363281, 0.0009238719940185547, 0.0009081363677978516, 0.000888824462890625, 0.0009772777557373047, 0.0009441375732421875, 0.0011467933654785156, 0.0009968280792236328, 0.0009760856628417969, 0.0008640289306640625, 0.0009784698486328125, 0.0009419918060302734, 0.001028299331665039, 0.0008549690246582031, 0.0008401870727539062, 0.0009534358978271484, 0.0009546279907226562, 0.0008530616760253906, 0.0009605884552001953, 0.0009715557098388672, 0.0009181499481201172, 0.0009443759918212891, 0.0009686946868896484, 0.0008516311645507812, 0.0010645389556884766, 0.0009472370147705078, 0.0008909702301025391, 0.0009057521820068359, 0.0009255409240722656, 0.0009739398956298828, 0.0010907649993896484, 0.0008840560913085938, 0.0009694099426269531, 0.0009605884552001953, 0.0008473396301269531], "comm_recv": [0.007523775100708008, 0.0034492015838623047, 0.003675222396850586, 0.004203319549560547, 0.0039441585540771484, 0.0034427642822265625, 0.0039060115814208984, 0.0034193992614746094, 0.0033621788024902344, 0.0039937496185302734, 0.0036826133728027344, 0.003343820571899414, 0.005585432052612305, 0.003307342529296875, 0.0036079883575439453, 0.0036203861236572266, 0.0051386356353759766, 0.003536224365234375, 0.0035169124603271484, 0.003572225570678711, 0.0035774707794189453, 0.003652334213256836, 0.0036313533782958984, 0.0037746429443359375, 0.0035789012908935547, 0.0034019947052001953, 0.003587961196899414, 0.00468754768371582, 0.003551006317138672, 0.0045168399810791016, 0.0040853023529052734, 0.004198789596557617, 0.003319263458251953, 0.0037963390350341797, 0.0033931732177734375, 0.0037865638732910156, 0.003818511962890625, 0.003581523895263672, 0.003926992416381836, 0.004848003387451172, 0.0036880970001220703, 0.003453493118286133, 0.003337383270263672, 0.0034189224243164062, 0.004838705062866211, 0.0037119388580322266, 0.0037870407104492188, 0.004483461380004883, 0.0036520957946777344, 0.0035064220428466797], "conv_send": [0.02657294273376465, 0.006673097610473633, 0.006796121597290039, 0.0071299076080322266, 0.0066797733306884766, 0.006571054458618164, 0.006708621978759766, 0.00652313232421875, 0.007266998291015625, 0.006644487380981445, 0.00699162483215332, 0.006979942321777344, 0.006669044494628906, 0.0066335201263427734, 0.006674051284790039, 0.00678706169128418, 0.0071222782135009766, 0.006609439849853516, 0.007106304168701172, 0.006667375564575195, 0.007096767425537109, 0.006890535354614258, 0.0067462921142578125, 0.006661176681518555, 0.00677180290222168, 0.006821393966674805, 0.007194995880126953, 0.006692171096801758, 0.007033586502075195, 0.0070133209228515625, 0.006669282913208008, 0.0066874027252197266, 0.006608247756958008, 0.00679779052734375, 0.007077455520629883, 0.006666660308837891, 0.006959676742553711, 0.006780385971069336, 0.006619691848754883, 0.00736236572265625, 0.007115602493286133, 0.006758928298950195, 0.00685572624206543, 0.0069484710693359375, 0.006626605987548828, 0.007073402404785156, 0.007161617279052734, 0.006635904312133789, 0.00673222541809082, 0.007018089294433594], "conv_recv": [0.0002989768981933594, 0.0003008842468261719, 0.00033855438232421875, 0.0003070831298828125, 0.0002884864807128906, 0.0003437995910644531, 0.0002987384796142578, 0.0003631114959716797, 0.00036716461181640625, 0.00030040740966796875, 0.0002932548522949219, 0.00029087066650390625, 0.00032591819763183594, 0.0002970695495605469, 0.00033283233642578125, 0.0003285408020019531, 0.0003063678741455078, 0.00030612945556640625, 0.0003750324249267578, 0.00031828880310058594, 0.00031113624572753906, 0.00038504600524902344, 0.00045609474182128906, 0.0003063678741455078, 0.0003223419189453125, 0.0003063678741455078, 0.00031304359436035156, 0.0003325939178466797, 0.0002772808074951172, 0.0002899169921875, 0.0003108978271484375, 0.00030922889709472656, 0.00028014183044433594, 0.00038433074951171875, 0.0003180503845214844, 0.00035881996154785156, 0.00031113624572753906, 0.00030350685119628906, 0.000385284423828125, 0.00038433074951171875, 0.0003094673156738281, 0.0003008842468261719, 0.0002989768981933594, 0.0002951622009277344, 0.00030541419982910156, 0.0003452301025390625, 0.00032401084899902344, 0.0003209114074707031, 0.0002989768981933594, 0.00026297569274902344], "epochs": [15.152042150497437, 8.530782461166382, 8.594356536865234, 10.233366012573242, 9.43775725364685, 8.568154096603394, 10.194092273712158, 9.409842014312744, 10.28780198097229, 10.181015729904175, 9.316085577011108, 10.253878116607666, 10.236717939376831, 9.432189702987671, 9.355947971343994, 8.465255498886108, 11.186610221862793, 11.05207109451294, 9.368417978286743, 9.368411779403687, 9.394173622131348, 10.270953178405762, 9.38677453994751, 11.173137903213501, 10.20801591873169, 10.288508653640747, 10.230810403823853, 10.234492540359497, 10.129828453063965, 10.238977432250977, 9.36069130897522, 8.524763345718384, 8.46013355255127, 8.413853883743286, 11.07895565032959, 10.141787052154541, 10.232165336608887, 9.314273357391357, 9.301015853881836, 10.312864303588867, 11.105087041854858, 10.20149540901184, 10.221315860748291, 9.266287088394165, 9.372352600097656, 9.3125159740448, 11.93982982635498, 8.392983436584473, 8.473806381225586, 9.344299554824829]}}