{"times": {"train": [12.444669961929321, 11.050068855285645, 9.272608041763306, 9.275673866271973, 8.411033630371094, 9.312618970870972, 10.225081443786621, 8.466810703277588, 8.471362829208374, 9.333466053009033, 11.042739152908325, 10.145168781280518, 9.33252501487732, 9.258425951004028, 8.486811637878418, 9.34752631187439, 10.117599487304688, 9.268097639083862, 9.265684127807617, 8.415335655212402, 10.130866289138794, 9.305620193481445, 10.173717498779297, 10.178323030471802, 9.217316150665283, 9.270781993865967, 10.176220655441284, 9.247314453125, 9.29968810081482, 11.062570095062256, 9.36588716506958, 8.389310121536255, 9.285762548446655, 9.286309242248535, 10.170004606246948, 9.271308660507202, 9.335572004318237, 9.224778890609741, 8.44045639038086, 10.135777711868286, 10.187641859054565, 8.413189888000488, 10.08157467842102, 9.299070835113525, 9.309930801391602, 8.565712690353394, 10.222972631454468, 9.222018718719482, 9.277310132980347, 9.312172889709473], "comm_send": [0.0008940696716308594, 0.0008897781372070312, 0.0009152889251708984, 0.0009484291076660156, 0.0008549690246582031, 0.0007717609405517578, 0.000888824462890625, 0.0009112358093261719, 0.0008714199066162109, 0.000820159912109375, 0.0009005069732666016, 0.0009446144104003906, 0.0013511180877685547, 0.0007996559143066406, 0.0008497238159179688, 0.0009086132049560547, 0.521899938583374, 0.7101621627807617, 0.15805435180664062, 0.0007865428924560547, 0.0008842945098876953, 0.0008859634399414062, 0.0008165836334228516, 0.0008039474487304688, 0.18397092819213867, 0.7575643062591553, 0.2074451446533203, 0.8545949459075928, 0.9559805393218994, 0.0008499622344970703, 0.0010311603546142578, 0.7724764347076416, 0.0008766651153564453, 0.0008080005645751953, 0.000911712646484375, 0.000881195068359375, 0.0008366107940673828, 0.12146806716918945, 0.8696310520172119, 0.08756303787231445, 0.0008382797241210938, 1.8311822414398193, 0.13271188735961914, 0.8931186199188232, 0.0009114742279052734, 0.6781692504882812, 0.0008227825164794922, 1.757324457168579, 0.0008640289306640625, 0.0009894371032714844], "comm_recv": [0.003385782241821289, 0.0031566619873046875, 0.003548145294189453, 0.0032072067260742188, 0.003670930862426758, 0.003926753997802734, 0.0032672882080078125, 0.003329038619995117, 0.0034894943237304688, 0.00394129753112793, 0.0034847259521484375, 0.0036592483520507812, 0.003482341766357422, 0.003479480743408203, 0.003480672836303711, 0.003354310989379883, 0.003172159194946289, 0.0028362274169921875, 0.002794027328491211, 0.0034487247467041016, 0.0031516551971435547, 0.0037009716033935547, 0.0033707618713378906, 0.0032317638397216797, 0.003044605255126953, 0.003343820571899414, 0.0037980079650878906, 0.003043651580810547, 0.0030024051666259766, 0.003342151641845703, 0.0034971237182617188, 0.0033142566680908203, 0.005284547805786133, 0.004377603530883789, 0.0033729076385498047, 0.0036554336547851562, 0.0031960010528564453, 0.0032951831817626953, 0.0031070709228515625, 0.0034377574920654297, 0.0035276412963867188, 0.002767324447631836, 0.0033729076385498047, 0.003056049346923828, 0.003748178482055664, 0.004860401153564453, 0.0035521984100341797, 0.0031516551971435547, 0.0034689903259277344, 0.0049571990966796875], "conv_send": [0.02806687355041504, 0.00711512565612793, 0.006521940231323242, 0.006661176681518555, 0.006595611572265625, 0.0067021846771240234, 0.006579875946044922, 0.006711483001708984, 0.006475687026977539, 0.006441354751586914, 0.006761312484741211, 0.006674766540527344, 0.006852865219116211, 0.006610870361328125, 0.006538867950439453, 0.006460905075073242, 0.006567716598510742, 0.006993532180786133, 0.00677800178527832, 0.00648045539855957, 0.006565093994140625, 0.006697893142700195, 0.006725788116455078, 0.00654911994934082, 0.006495237350463867, 0.006684541702270508, 0.006508350372314453, 0.006857395172119141, 0.006482362747192383, 0.006522417068481445, 0.006821393966674805, 0.006603240966796875, 0.006537199020385742, 0.006627321243286133, 0.007387638092041016, 0.006594419479370117, 0.00645899772644043, 0.006866455078125, 0.006713151931762695, 0.006891965866088867, 0.006608009338378906, 0.0067560672760009766, 0.006633281707763672, 0.006654500961303711, 0.0070247650146484375, 0.006676673889160156, 0.006840944290161133, 0.0066525936126708984, 0.006925344467163086, 0.006783723831176758], "conv_recv": [0.00030159950256347656, 0.00029754638671875, 0.00031375885009765625, 0.00027489662170410156, 0.0003082752227783203, 0.0004112720489501953, 0.0002722740173339844, 0.0002853870391845703, 0.0002865791320800781, 0.0003058910369873047, 0.0002808570861816406, 0.0002994537353515625, 0.0003807544708251953, 0.0002720355987548828, 0.00032711029052734375, 0.00027060508728027344, 0.0003368854522705078, 0.0003294944763183594, 0.0003829002380371094, 0.0002760887145996094, 0.00026869773864746094, 0.0003180503845214844, 0.0002944469451904297, 0.0003504753112792969, 0.0003249645233154297, 0.00040912628173828125, 0.0003235340118408203, 0.0003266334533691406, 0.0003256797790527344, 0.0002808570861816406, 0.0004093647003173828, 0.0003345012664794922, 0.0002930164337158203, 0.0002853870391845703, 0.0003018379211425781, 0.0003688335418701172, 0.0002703666687011719, 0.000457763671875, 0.00032448768615722656, 0.0003414154052734375, 0.0002880096435546875, 0.0003273487091064453, 0.00032973289489746094, 0.0003826618194580078, 0.0006327629089355469, 0.0003311634063720703, 0.0002605915069580078, 0.0003261566162109375, 0.0003075599670410156, 0.0003857612609863281], "epochs": [12.492984533309937, 11.077069282531738, 9.299538373947144, 9.30197262763977, 8.437960863113403, 9.339913129806519, 10.251442193984985, 8.493693113327026, 8.497884750366211, 9.360215663909912, 11.069640159606934, 10.172434329986572, 9.360261678695679, 9.284785985946655, 8.512979507446289, 9.373362302780151, 10.665222644805908, 10.003779172897339, 9.44927716255188, 8.44147777557373, 10.156734704971313, 9.332804679870605, 10.200312852859497, 10.204548120498657, 9.42658519744873, 10.054373502731323, 10.409639120101929, 10.127573728561401, 10.28076696395874, 11.08880352973938, 9.39320969581604, 9.187587022781372, 9.31417965888977, 9.31385326385498, 10.19795823097229, 9.298192977905273, 9.361188650131226, 9.372680187225342, 9.33573293685913, 10.249310493469238, 10.21414589881897, 10.269731521606445, 10.240060329437256, 10.21774435043335, 9.337822198867798, 9.271256923675537, 10.250224828720093, 11.004785060882568, 9.304351568222046, 9.344303607940674]}}