{"times": {"train": [13.429505348205566, 9.3119797706604, 9.33695912361145, 9.342486143112183, 9.369194507598877, 8.439361572265625, 8.480502128601074, 11.11671257019043, 10.196160554885864, 8.431373119354248, 11.919300079345703, 9.313209295272827, 9.334574222564697, 11.063714265823364, 10.210052728652954, 11.914832353591919, 10.123481750488281, 9.364553689956665, 8.432340860366821, 8.45845365524292, 10.162537097930908, 8.343591928482056, 8.367944478988647, 9.324917793273926, 8.392036199569702, 10.221248626708984, 8.486422777175903, 8.417974948883057, 11.04671049118042, 10.17865800857544, 8.346151113510132, 9.332830667495728, 11.926310300827026, 11.079909324645996, 9.306895017623901, 9.320613145828247, 10.163150548934937, 10.129786968231201, 11.065765142440796, 10.104475736618042, 8.3741614818573, 10.165399551391602, 9.25917363166809, 8.436201095581055, 9.355752229690552, 8.403695106506348, 9.360584020614624, 8.458045244216919, 9.334300994873047, 11.042954444885254], "comm_send": [0.0009026527404785156, 0.0008924007415771484, 0.0010304450988769531, 0.0009703636169433594, 0.000865936279296875, 0.0009500980377197266, 0.0009596347808837891, 0.0008785724639892578, 0.0013735294342041016, 0.0009591579437255859, 0.0008807182312011719, 0.0008480548858642578, 0.0009191036224365234, 0.0009369850158691406, 0.001007080078125, 0.0008747577667236328, 0.0009944438934326172, 0.0009520053863525391, 0.0008356571197509766, 0.0009903907775878906, 0.0010080337524414062, 0.0009415149688720703, 0.00086212158203125, 0.0009016990661621094, 0.0008466243743896484, 0.0009427070617675781, 1.0263237953186035, 1.6693661212921143, 0.000997304916381836, 0.0008356571197509766, 0.9659497737884521, 0.0008311271667480469, 0.0009207725524902344, 0.0009660720825195312, 0.0009069442749023438, 0.0009644031524658203, 0.00090789794921875, 0.0009613037109375, 0.0008864402770996094, 0.00099945068359375, 0.0009243488311767578, 0.0008690357208251953, 0.0008947849273681641, 0.0009822845458984375, 0.0008785724639892578, 0.00099945068359375, 0.0009837150573730469, 1.8785395622253418, 0.0009827613830566406, 0.00081634521484375], "comm_recv": [0.01511073112487793, 0.003175497055053711, 0.0037589073181152344, 0.003419637680053711, 0.003415346145629883, 0.0034346580505371094, 0.003223419189453125, 0.0032591819763183594, 0.0031936168670654297, 0.0037369728088378906, 0.0032668113708496094, 0.0033648014068603516, 0.003615856170654297, 0.003639698028564453, 0.003839731216430664, 0.003267526626586914, 0.004380702972412109, 0.003542661666870117, 0.003337860107421875, 0.004049777984619141, 0.0039288997650146484, 0.0032711029052734375, 0.003387928009033203, 0.0033419132232666016, 0.003707408905029297, 0.0034911632537841797, 0.0051021575927734375, 0.0032227039337158203, 0.003520965576171875, 0.0033898353576660156, 0.005150556564331055, 0.003337860107421875, 0.0035538673400878906, 0.003654003143310547, 0.003485441207885742, 0.0036809444427490234, 0.0036613941192626953, 0.0036878585815429688, 0.0036830902099609375, 0.0035810470581054688, 0.0035407543182373047, 0.0038139820098876953, 0.003492116928100586, 0.0033783912658691406, 0.003445148468017578, 0.0033431053161621094, 0.003724336624145508, 0.003755331039428711, 0.003794431686401367, 0.003214597702026367], "conv_send": [0.027821063995361328, 0.0066716670989990234, 0.006913185119628906, 0.006710052490234375, 0.006760120391845703, 0.006700038909912109, 0.006666421890258789, 0.006800174713134766, 0.007362842559814453, 0.0068552494049072266, 0.007059335708618164, 0.006796598434448242, 0.006669759750366211, 0.007154941558837891, 0.0069921016693115234, 0.006632089614868164, 0.006500244140625, 0.006678342819213867, 0.006511211395263672, 0.0067026615142822266, 0.006883144378662109, 0.006781339645385742, 0.006889820098876953, 0.006638765335083008, 0.006659269332885742, 0.006513357162475586, 0.006587982177734375, 0.006829500198364258, 0.006958484649658203, 0.0070650577545166016, 0.006783962249755859, 0.006730318069458008, 0.00723719596862793, 0.0074367523193359375, 0.0067026615142822266, 0.006617307662963867, 0.006591796875, 0.006680727005004883, 0.00719904899597168, 0.006869077682495117, 0.0066509246826171875, 0.0066373348236083984, 0.006636142730712891, 0.006804943084716797, 0.0067920684814453125, 0.00710296630859375, 0.007121086120605469, 0.006792545318603516, 0.006788015365600586, 0.006623029708862305], "conv_recv": [0.0003292560577392578, 0.0003504753112792969, 0.0003077983856201172, 0.0003058910369873047, 0.0003020763397216797, 0.0003147125244140625, 0.0002827644348144531, 0.00031065940856933594, 0.0004127025604248047, 0.0003113746643066406, 0.000278472900390625, 0.000293731689453125, 0.0002944469451904297, 0.0003094673156738281, 0.000362396240234375, 0.0002932548522949219, 0.000293731689453125, 0.00036525726318359375, 0.00033092498779296875, 0.00031447410583496094, 0.0005099773406982422, 0.0002906322479248047, 0.0003426074981689453, 0.0002892017364501953, 0.0003113746643066406, 0.0002925395965576172, 0.0003402233123779297, 0.00038695335388183594, 0.000335693359375, 0.0002803802490234375, 0.00033473968505859375, 0.00029397010803222656, 0.000308990478515625, 0.0004742145538330078, 0.0003192424774169922, 0.00028324127197265625, 0.0002999305725097656, 0.0003142356872558594, 0.00031828880310058594, 0.00034356117248535156, 0.00030159950256347656, 0.000286102294921875, 0.0003006458282470703, 0.00033164024353027344, 0.0003440380096435547, 0.0004086494445800781, 0.0003108978271484375, 0.00034165382385253906, 0.0003199577331542969, 0.00029087066650390625], "epochs": [13.48977518081665, 9.338635683059692, 9.364989995956421, 9.369804859161377, 9.396316051483154, 8.466540098190308, 8.507210731506348, 11.143707275390625, 10.224852800369263, 8.459063053131104, 11.946072340011597, 9.339985609054565, 9.36165714263916, 11.091559171676636, 10.238153457641602, 11.94122052192688, 10.151406288146973, 9.391753196716309, 8.458808660507202, 8.486198663711548, 10.191199779510498, 8.370279788970947, 8.395240068435669, 9.35126805305481, 8.419248104095459, 10.247707843780518, 9.540521144866943, 10.113353729248047, 11.074008226394653, 10.205674171447754, 9.340190887451172, 9.35950231552124, 11.954091310501099, 11.10844087600708, 9.333919286727905, 9.347451448440552, 10.190393447875977, 10.157240152359009, 11.093966960906982, 10.13219165802002, 8.401459693908691, 10.19256854057312, 9.286157131195068, 8.46363115310669, 9.383048057556152, 8.431914329528809, 9.388197183609009, 10.363147020339966, 9.362145185470581, 11.069429636001587]}}