{"times": {"train": [13.516834735870361, 8.448142528533936, 9.422757625579834, 10.174423217773438, 10.294920921325684, 10.242748737335205, 8.428130149841309, 9.29075837135315, 8.469459295272827, 9.310049057006836, 9.301241874694824, 9.284515619277954, 9.387752294540405, 8.515105485916138, 10.31666898727417, 10.21495509147644, 8.469582080841064, 9.27572226524353, 8.472170352935791, 10.177089214324951, 9.366232633590698, 8.465204238891602, 11.053370475769043, 8.525766849517822, 8.449158906936646, 9.365527153015137, 8.402093410491943, 10.172852039337158, 8.443850755691528, 10.24816083908081, 11.119421482086182, 9.37149429321289, 10.168126821517944, 8.4052574634552, 9.290498971939087, 9.271432399749756, 9.271560192108154, 9.33209753036499, 9.352641344070435, 8.362332105636597, 10.163977861404419, 9.40245771408081, 8.301169395446777, 10.159708976745605, 10.16032099723816, 9.309981346130371, 10.207295656204224, 8.380007982254028, 8.37101149559021, 9.364306926727295], "comm_send": [0.0008869171142578125, 0.0008809566497802734, 0.0009992122650146484, 0.0007982254028320312, 0.0008625984191894531, 0.0009186267852783203, 0.0008413791656494141, 0.0009911060333251953, 0.0010867118835449219, 0.0008487701416015625, 0.0009365081787109375, 0.0008647441864013672, 0.0009047985076904297, 0.0009865760803222656, 0.0008838176727294922, 0.0009157657623291016, 1.4149341583251953, 0.6957070827484131, 0.9510335922241211, 0.000965118408203125, 0.0008978843688964844, 0.0009851455688476562, 0.0009768009185791016, 0.0008797645568847656, 1.558772087097168, 0.6598532199859619, 1.9880576133728027, 0.0009169578552246094, 1.72853422164917, 0.0008404254913330078, 0.000982522964477539, 0.0008099079132080078, 0.0009565353393554688, 0.0009486675262451172, 0.0009531974792480469, 0.0009529590606689453, 0.0009272098541259766, 0.0007936954498291016, 0.0008945465087890625, 1.6236748695373535, 0.00096893310546875, 0.855644941329956, 1.9187819957733154, 0.02619481086730957, 0.0009067058563232422, 0.0008487701416015625, 0.0009884834289550781, 1.7047557830810547, 0.0008676052093505859, 0.0008730888366699219], "comm_recv": [0.003318309783935547, 0.003246784210205078, 0.003690481185913086, 0.0031235218048095703, 0.0032994747161865234, 0.0032351016998291016, 0.0034046173095703125, 0.0052852630615234375, 0.0032498836517333984, 0.00330352783203125, 0.0117645263671875, 0.003312349319458008, 0.0032663345336914062, 0.004650592803955078, 0.003454446792602539, 0.0037527084350585938, 0.0033583641052246094, 0.0037767887115478516, 0.0032393932342529297, 0.0033736228942871094, 0.005259990692138672, 0.0035233497619628906, 0.005288124084472656, 0.004208803176879883, 0.0033893585205078125, 0.005753517150878906, 0.006564140319824219, 0.0037539005279541016, 0.0036635398864746094, 0.0036439895629882812, 0.0077075958251953125, 0.003461599349975586, 0.0037109851837158203, 0.003353595733642578, 0.003566741943359375, 0.0033178329467773438, 0.004105806350708008, 0.003381490707397461, 0.003985404968261719, 0.0029952526092529297, 0.004612922668457031, 0.003916025161743164, 0.003068208694458008, 0.003192424774169922, 0.004444122314453125, 0.0033330917358398438, 0.003626585006713867, 0.0027458667755126953, 0.003355264663696289, 0.0035905838012695312], "conv_send": [0.026465892791748047, 0.006732463836669922, 0.007020235061645508, 0.0065059661865234375, 0.007122516632080078, 0.006895542144775391, 0.006661891937255859, 0.006841421127319336, 0.006910085678100586, 0.006701469421386719, 0.00681304931640625, 0.006619691848754883, 0.00662541389465332, 0.006617069244384766, 0.006668567657470703, 0.007302045822143555, 0.0067291259765625, 0.006722688674926758, 0.006711006164550781, 0.00656437873840332, 0.006699562072753906, 0.0068798065185546875, 0.007858991622924805, 0.006781339645385742, 0.006603717803955078, 0.006595134735107422, 0.00672459602355957, 0.0071794986724853516, 0.006772518157958984, 0.006597995758056641, 0.007224559783935547, 0.006760358810424805, 0.006964683532714844, 0.006891012191772461, 0.006618976593017578, 0.0066640377044677734, 0.007027864456176758, 0.006484508514404297, 0.006665229797363281, 0.006680011749267578, 0.007237672805786133, 0.006569385528564453, 0.006557941436767578, 0.00664830207824707, 0.0067882537841796875, 0.0065250396728515625, 0.0072002410888671875, 0.0066070556640625, 0.006805896759033203, 0.007083415985107422], "conv_recv": [0.0002918243408203125, 0.000301361083984375, 0.00033164024353027344, 0.00029921531677246094, 0.0003097057342529297, 0.00031304359436035156, 0.0002968311309814453, 0.0003409385681152344, 0.0003535747528076172, 0.00029754638671875, 0.0003521442413330078, 0.000274658203125, 0.00029087066650390625, 0.0002982616424560547, 0.00029087066650390625, 0.0003063678741455078, 0.00038361549377441406, 0.0003371238708496094, 0.000385284423828125, 0.00028443336486816406, 0.0003178119659423828, 0.00032901763916015625, 0.00029850006103515625, 0.00031304359436035156, 0.0003371238708496094, 0.0003752708435058594, 0.00034308433532714844, 0.0003724098205566406, 0.0003352165222167969, 0.00028324127197265625, 0.00039887428283691406, 0.00029850006103515625, 0.0002772808074951172, 0.00036907196044921875, 0.000377655029296875, 0.0002856254577636719, 0.0002892017364501953, 0.0003840923309326172, 0.0003006458282470703, 0.0003657341003417969, 0.0004184246063232422, 0.00034427642822265625, 0.00033974647521972656, 0.0003666877746582031, 0.0003094673156738281, 0.0002872943878173828, 0.00037670135498046875, 0.0003948211669921875, 0.0003178119659423828, 0.00032067298889160156], "epochs": [13.563558101654053, 8.474947929382324, 9.450634002685547, 10.200515270233154, 10.322576761245728, 10.272241115570068, 8.455100536346436, 9.320196628570557, 8.496677160263062, 9.336781024932861, 9.336978435516357, 9.3106210231781, 9.41412615776062, 8.543019771575928, 10.343292474746704, 10.243013143539429, 9.910613298416138, 9.99778938293457, 9.449234008789062, 10.203686714172363, 9.395122051239014, 8.492539644241333, 11.083291292190552, 8.553710699081421, 10.033874034881592, 10.05371356010437, 10.419278383255005, 10.200727462768555, 10.198570251464844, 10.274943590164185, 11.151525974273682, 9.398554801940918, 10.195217847824097, 8.432363033294678, 9.317586898803711, 9.298056364059448, 9.29938793182373, 9.358330011367798, 9.380107164382935, 10.01149606704712, 10.192866086959839, 10.284776210784912, 10.245436906814575, 10.21160078048706, 10.188435792922974, 9.33622121810913, 10.235180139541626, 10.109856605529785, 8.398114442825317, 9.391974925994873]}}