{"times": {"train": [23.77918028831482, 16.367419958114624, 20.302064418792725, 18.35087752342224, 20.053577661514282, 21.92105793952942, 16.470513582229614, 16.33435869216919, 20.29098153114319, 18.27294135093689, 20.07564067840576, 18.415752410888672, 18.292988777160645, 16.395310401916504, 16.702558755874634, 16.43563961982727, 21.951403379440308, 16.7277410030365, 18.3508403301239, 22.05736231803894, 16.7772159576416, 18.571101665496826, 18.522815704345703, 22.06258273124695, 18.269785165786743, 18.475677490234375, 18.511924743652344, 20.12110161781311, 18.281535387039185, 16.574841022491455, 18.305311918258667, 20.055848598480225, 20.0732421875, 20.352903604507446, 22.05059313774109, 20.051371097564697, 20.01600694656372, 18.568102836608887, 22.07182812690735, 18.228187561035156, 18.46091628074646, 20.32722306251526, 18.616151571273804, 16.622249841690063, 18.467979669570923, 18.48575210571289, 20.332273244857788, 16.784554719924927, 20.243990898132324, 20.092560529708862], "comm_send": [0.0008313655853271484, 0.0008332729339599609, 0.0012671947479248047, 0.0008625984191894531, 0.0007960796356201172, 0.0008332729339599609, 0.0007870197296142578, 0.0007476806640625, 0.0008919239044189453, 0.0009093284606933594, 0.0008978843688964844, 0.0008754730224609375, 0.0007832050323486328, 0.0008492469787597656, 0.000934600830078125, 0.0012574195861816406, 0.0008029937744140625, 0.0009458065032958984, 0.0009090900421142578, 0.0008375644683837891, 0.0008950233459472656, 0.0007636547088623047, 0.0008876323699951172, 0.0009169578552246094, 0.0008490085601806641, 0.0008289813995361328, 0.0009047985076904297, 0.0009050369262695312, 0.0008614063262939453, 0.0009176731109619141, 0.0010044574737548828, 0.0008218288421630859, 0.0010547637939453125, 0.0008592605590820312, 0.0007781982421875, 0.0009930133819580078, 0.0008862018585205078, 0.0008816719055175781, 0.0009555816650390625, 0.0008769035339355469, 0.0007414817810058594, 0.0011262893676757812, 0.0008587837219238281, 0.0014562606811523438, 0.0009744167327880859, 0.0008645057678222656, 0.0008404254913330078, 0.0009126663208007812, 0.0008518695831298828, 0.0008041858673095703], "comm_recv": [0.0036630630493164062, 3.77567982673645, 1.6469464302062988, 0.07923412322998047, 0.0035102367401123047, 0.12734270095825195, 0.39687347412109375, 3.9911510944366455, 0.0034685134887695312, 0.070098876953125, 0.20350956916809082, 0.003171205520629883, 0.30657529830932617, 2.1021885871887207, 3.3653805255889893, 1.8507440090179443, 0.0030417442321777344, 1.7657363414764404, 3.7207205295562744, 0.0034847259521484375, 3.496764659881592, 0.0032024383544921875, 3.3939852714538574, 0.004036426544189453, 0.20696210861206055, 0.003162860870361328, 0.003841876983642578, 0.2686328887939453, 1.854132890701294, 1.9372048377990723, 1.8632285594940186, 0.003323793411254883, 1.8847548961639404, 0.003215312957763672, 0.0032782554626464844, 0.003181934356689453, 1.9960579872131348, 1.6781935691833496, 0.0035796165466308594, 2.038229465484619, 0.19709992408752441, 0.02477884292602539, 1.7749125957489014, 0.21466302871704102, 0.0032677650451660156, 0.02527332305908203, 0.0034716129302978516, 0.024614572525024414, 0.0699617862701416, 0.0036475658416748047], "conv_send": [0.024668216705322266, 0.006146907806396484, 0.006638288497924805, 0.006181955337524414, 0.006504535675048828, 0.006676673889160156, 0.006186723709106445, 0.006158590316772461, 0.006727457046508789, 0.0067255496978759766, 0.006133556365966797, 0.0065233707427978516, 0.006242275238037109, 0.006340742111206055, 0.006401538848876953, 0.006392717361450195, 0.00667262077331543, 0.00652313232421875, 0.006783008575439453, 0.006775856018066406, 0.006468296051025391, 0.006745100021362305, 0.006292819976806641, 0.006800651550292969, 0.006099224090576172, 0.006208658218383789, 0.006362438201904297, 0.006251335144042969, 0.006181478500366211, 0.00645136833190918, 0.0062770843505859375, 0.0067098140716552734, 0.0063512325286865234, 0.006659269332885742, 0.006648063659667969, 0.0063745975494384766, 0.007058382034301758, 0.0062634944915771484, 0.006726980209350586, 0.006139039993286133, 0.006526947021484375, 0.006228923797607422, 0.0062296390533447266, 0.006101846694946289, 0.006464242935180664, 0.006171703338623047, 0.006136178970336914, 0.006396055221557617, 0.006215095520019531, 0.0062084197998046875], "conv_recv": [0.00022673606872558594, 0.00034046173095703125, 0.00037860870361328125, 0.0002930164337158203, 0.00026297569274902344, 0.00027632713317871094, 0.0002880096435546875, 0.00029778480529785156, 0.0002391338348388672, 0.00028252601623535156, 0.0002799034118652344, 0.00026607513427734375, 0.00028395652770996094, 0.0003383159637451172, 0.0003540515899658203, 0.0003383159637451172, 0.0002334117889404297, 0.0004391670227050781, 0.0003402233123779297, 0.0002987384796142578, 0.0003230571746826172, 0.00024318695068359375, 0.0003104209899902344, 0.00023889541625976562, 0.00027251243591308594, 0.0002396106719970703, 0.0002911090850830078, 0.0003039836883544922, 0.0003077983856201172, 0.00045013427734375, 0.00032019615173339844, 0.00023555755615234375, 0.0003447532653808594, 0.0002346038818359375, 0.00023174285888671875, 0.0002338886260986328, 0.0002942085266113281, 0.0002951622009277344, 0.00022745132446289062, 0.0002968311309814453, 0.0002701282501220703, 0.0002589225769042969, 0.0002803802490234375, 0.000286102294921875, 0.000316619873046875, 0.0002598762512207031, 0.0002295970916748047, 0.00024318695068359375, 0.00030159950256347656, 0.00022745132446289062], "epochs": [23.817020177841187, 20.15916419029236, 21.966348886489868, 18.446308135986328, 20.073132514953613, 22.064964771270752, 16.883592128753662, 20.34156060218811, 20.31086826324463, 18.3598690032959, 20.295278549194336, 18.435281991958618, 18.615827322006226, 18.51406693458557, 20.084532976150513, 18.303362607955933, 21.970845937728882, 18.51043701171875, 22.088715314865112, 22.07737112045288, 20.290692806243896, 18.590657234191895, 21.933260679244995, 22.083221435546875, 18.492713451385498, 18.494577646255493, 18.531829595565796, 20.40627098083496, 20.152005910873413, 18.52882695198059, 20.18513298034668, 20.07545518875122, 21.97489881515503, 20.37235426902771, 22.070000886917114, 20.07074737548828, 22.029218912124634, 20.2626371383667, 22.091745853424072, 20.282541275024414, 18.674334049224854, 20.368420362472534, 20.407150268554688, 16.853509426116943, 18.487481832504272, 18.527217149734497, 20.35137915611267, 16.825300693511963, 20.330199241638184, 20.111859798431396]}}