{"times": {"train": [22.362539529800415, 20.138608694076538, 21.946463584899902, 18.426074266433716, 18.410588264465332, 22.042712211608887, 16.864092111587524, 20.3224995136261, 18.536672592163086, 18.337082386016846, 20.270836353302002, 18.401817560195923, 18.594984531402588, 18.4941885471344, 20.0635883808136, 18.28272771835327, 18.49031639099121, 18.48936438560486, 22.06758189201355, 18.457802295684814, 20.269431829452515, 18.53332829475403, 21.9119930267334, 16.5090594291687, 18.471653699874878, 16.653157234191895, 18.37983798980713, 20.3843891620636, 20.13211679458618, 18.509165048599243, 20.16511821746826, 18.570640563964844, 21.953394412994385, 16.80198836326599, 16.667184352874756, 18.492311239242554, 22.007396936416626, 20.24100160598755, 16.870755195617676, 20.26025080680847, 18.654191970825195, 20.34913921356201, 20.38634204864502, 16.833606958389282, 16.829671382904053, 18.505444526672363, 20.166712522506714, 16.805116176605225, 20.308942317962646, 18.38517117500305], "comm_send": [0.0011022090911865234, 0.0008497238159179688, 0.0008151531219482422, 0.0007910728454589844, 0.0007836818695068359, 0.0007393360137939453, 0.0008866786956787109, 0.0008449554443359375, 0.0008287429809570312, 0.0008451938629150391, 0.0007119178771972656, 0.0008087158203125, 0.0008873939514160156, 0.0008969306945800781, 0.0008881092071533203, 0.0008792877197265625, 0.0008194446563720703, 0.0009274482727050781, 0.0012919902801513672, 0.0008218288421630859, 0.0008587837219238281, 0.0009558200836181641, 0.0008566379547119141, 0.00087738037109375, 0.0008649826049804688, 0.0009284019470214844, 0.0008752346038818359, 0.0009362697601318359, 0.0008466243743896484, 0.0008187294006347656, 0.0009212493896484375, 0.0008425712585449219, 0.0008153915405273438, 0.001177072525024414, 0.0007772445678710938, 0.0008404254913330078, 0.0008883476257324219, 0.0007879734039306641, 0.000865936279296875, 0.0008263587951660156, 0.0007266998291015625, 0.0006690025329589844, 0.0008742809295654297, 0.0008635520935058594, 0.0008192062377929688, 0.0006375312805175781, 0.0008835792541503906, 0.0006361007690429688, 0.000993490219116211, 0.0008695125579833984], "comm_recv": [1.41886305809021, 0.003259420394897461, 0.003361940383911133, 0.00442814826965332, 1.648651123046875, 0.0031545162200927734, 0.003032684326171875, 0.0030770301818847656, 1.759669542312622, 0.004571437835693359, 0.007953643798828125, 0.0178525447845459, 0.003330707550048828, 0.003511190414428711, 0.00486302375793457, 0.0038530826568603516, 3.4648869037628174, 0.003587007522583008, 0.00400090217590332, 3.60247540473938, 0.003347158432006836, 0.04162764549255371, 0.003632783889770508, 5.558616638183594, 0.0033495426177978516, 1.8260960578918457, 0.13562917709350586, 0.0036466121673583984, 0.003621816635131836, 0.003635883331298828, 0.0036971569061279297, 1.4896714687347412, 0.0032570362091064453, 3.5554239749908447, 5.385662794113159, 1.5612280368804932, 0.0034749507904052734, 0.004937171936035156, 5.206028461456299, 0.003859996795654297, 0.0030956268310546875, 0.003572225570678711, 0.003275632858276367, 0.003144979476928711, 1.6423349380493164, 0.003231048583984375, 0.16763806343078613, 0.003220081329345703, 0.004513978958129883, 1.7103712558746338], "conv_send": [0.025224685668945312, 0.006196737289428711, 0.00620722770690918, 0.006334066390991211, 0.006200313568115234, 0.0066606998443603516, 0.006280183792114258, 0.006322622299194336, 0.006216764450073242, 0.006469249725341797, 0.00682520866394043, 0.006307840347290039, 0.007025480270385742, 0.0062792301177978516, 0.006315708160400391, 0.006524324417114258, 0.006363868713378906, 0.006287574768066406, 0.007051706314086914, 0.006765604019165039, 0.006815671920776367, 0.006932973861694336, 0.006737232208251953, 0.006304264068603516, 0.006905317306518555, 0.0062983036041259766, 0.006273746490478516, 0.00644683837890625, 0.006310701370239258, 0.0062677860260009766, 0.006681919097900391, 0.006287574768066406, 0.006304264068603516, 0.006396293640136719, 0.006366252899169922, 0.0068264007568359375, 0.007054328918457031, 0.006427288055419922, 0.006386756896972656, 0.00689244270324707, 0.006787538528442383, 0.006384372711181641, 0.0069522857666015625, 0.006383419036865234, 0.006415367126464844, 0.0067179203033447266, 0.006306886672973633, 0.0063669681549072266, 0.006464481353759766, 0.0068242549896240234], "conv_recv": [0.0003266334533691406, 0.00026535987854003906, 0.00022029876708984375, 0.00025081634521484375, 0.00028395652770996094, 0.0002257823944091797, 0.0002734661102294922, 0.00021958351135253906, 0.000286102294921875, 0.0002830028533935547, 0.00022673606872558594, 0.00023889541625976562, 0.0002281665802001953, 0.0002281665802001953, 0.0002894401550292969, 0.0002574920654296875, 0.0002892017364501953, 0.00025773048400878906, 0.00032806396484375, 0.0002815723419189453, 0.0002281665802001953, 0.00026726722717285156, 0.00022673606872558594, 0.00028896331787109375, 0.00025391578674316406, 0.00029468536376953125, 0.00029087066650390625, 0.0002529621124267578, 0.00023102760314941406, 0.00022530555725097656, 0.00031495094299316406, 0.0002970695495605469, 0.0002257823944091797, 0.0002884864807128906, 0.0002980232238769531, 0.0003440380096435547, 0.0003452301025390625, 0.0002384185791015625, 0.00033545494079589844, 0.0002894401550292969, 0.0002357959747314453, 0.00023031234741210938, 0.0002701282501220703, 0.0002346038818359375, 0.0003142356872558594, 0.0002770423889160156, 0.00029778480529785156, 0.00023865699768066406, 0.0002701282501220703, 0.0002906322479248047], "epochs": [23.817257404327393, 20.157897472381592, 21.965808868408203, 18.446667671203613, 20.075748682022095, 22.06230068206787, 16.88323163986206, 20.341612577438354, 20.312750816345215, 18.3579363822937, 20.295284271240234, 18.435807943344116, 18.615262508392334, 18.514029264450073, 20.084598064422607, 18.30328106880188, 21.971806526184082, 18.50911045074463, 22.09006929397583, 22.07721757888794, 20.28939127922058, 18.59191608428955, 21.93217158317566, 22.084298133850098, 18.49170756340027, 18.495857000350952, 18.53193950653076, 20.40444803237915, 20.151842832565308, 18.528802633285522, 20.18559694290161, 20.076979875564575, 21.972759008407593, 20.374635696411133, 22.06940722465515, 20.070687532424927, 22.028138637542725, 20.262312412261963, 22.09365940093994, 20.281150579452515, 18.673937797546387, 20.369125604629517, 20.40668225288391, 16.85305953025818, 18.488797903060913, 18.52749752998352, 20.351102113723755, 16.824320316314697, 20.330143451690674, 20.112661361694336]}}