{"acc": [0.46496337658511766, 0.5815021625892152, 0.6307395653396537, 0.7123689390591733, 0.7816387471712262, 0.8084869909880957, 0.8280507237643782, 0.8467842365323585, 0.8650222954244166, 0.8844922936836326, 0.9031052906439562, 0.9170985149774368, 0.9278913750853653, 0.9347875574123917, 0.9401438155304704, 0.9445493378325902, 0.9492494543312042, 0.9539629614751135, 0.9588237657172699, 0.9630150376946665, 0.9673402161250151, 0.9714913161665261, 0.9753210407209524, 0.9794051875359874, 0.9830474430562809, 0.9862611979271281, 0.9889527176314626, 0.991898659596406, 0.9944161009119029, 0.9962372286720497, 0.9977235902998165, 0.9990894361199266, 0.9995313274146681, 0.9995982806411441, 0.9997187964488009, 0.9997455777393912, 0.999799140320572, 0.9998259216111625, 0.9998794841923432, 0.9999062654829336, 0.9999464374188192, 0.9999464374188192, 0.9999464374188192, 0.9999598280641144, 1.0, 1.0, 1.0, 1.0, 1.0, 1.0], "mcc": [0.1759810014285569, 0.3610154000006774, 0.4358601409725926, 0.555453611640744, 0.6655353246698341, 0.7126737740165722, 0.7455197418677492, 0.7748511894812703, 0.8023473351187288, 0.8307685457337393, 0.8573995564507938, 0.8768766406664829, 0.8918012556498427, 0.9011745092343043, 0.9086065450128961, 0.914946587743426, 0.9218708152008682, 0.9289514624724509, 0.936343586305522, 0.9427773555899509, 0.9494554971124715, 0.9558867173147346, 0.9618302698463743, 0.9681745068157034, 0.973821441706672, 0.978791016586909, 0.9829473459517402, 0.9874906530465465, 0.9913737849692974, 0.9941839594356052, 0.9964798751073192, 0.9985913166657578, 0.9992748718239451, 0.9993784766294831, 0.9995649577563326, 0.9996063981563654, 0.9996892629852119, 0.9997306891013966, 0.9998135463966747, 0.9998549775761656, 0.9999171275107763, 0.9999171275107763, 0.9999171275107763, 0.9999378449998458, 1.0, 1.0, 1.0, 1.0, 1.0, 1.0], "f1": [0.38916271753650955, 0.5020207450937694, 0.5838963425040339, 0.6979540750124094, 0.7732100522345772, 0.8005080763370768, 0.8222958030276403, 0.8438839991070357, 0.8646568204128829, 0.8857914273368479, 0.9052995295809619, 0.9197369161459213, 0.9306318653316027, 0.9374364485252956, 0.9426191801825555, 0.9467707717197121, 0.9512000860720581, 0.9556411853494385, 0.9602379798145763, 0.9642230406877915, 0.968364898585202, 0.9723487923392601, 0.9760450187808186, 0.9799996746603457, 0.9835385829824154, 0.9866657709857369, 0.9892846737413526, 0.9921491402757691, 0.9945936835090518, 0.9963585756019683, 0.9977974971686243, 0.9991182764527764, 0.9995461312323015, 0.9996113518107205, 0.9997288916888358, 0.9997547115279942, 0.9998063546755992, 0.9998321770583178, 0.999883819047651, 0.9999096386548048, 0.9999483663319024, 0.9999483663319024, 0.9999483663319024, 0.9999612750954344, 1.0, 1.0, 1.0, 1.0, 1.0, 1.0], "times": {"epochs": [21.934701681137085, 14.243516683578491, 18.195006370544434, 13.124744892120361, 16.796738147735596, 14.254236459732056, 12.872495651245117, 16.72278118133545, 14.468838691711426, 16.68281579017639, 16.682084321975708, 14.326436758041382, 18.467589616775513, 12.96820592880249, 15.001512289047241, 14.863399982452393, 14.882038354873657, 14.819575071334839, 14.647757768630981, 14.737127304077148, 12.403993606567383, 16.710830688476562, 14.368650197982788, 14.717788457870483, 18.4564368724823, 14.841127634048462, 16.670190811157227, 14.807838916778564, 14.696237087249756, 12.875683784484863, 14.742944955825806, 16.122578382492065, 12.928762435913086, 17.1291241645813, 12.900883436203003, 12.938841342926025, 16.57397723197937, 15.784074783325195, 15.558722972869873, 20.536609888076782, 12.85944128036499, 16.573628664016724, 16.875240564346313, 16.70841407775879, 12.915475606918335, 16.601197957992554, 16.603854417800903, 12.958415269851685, 14.666247367858887, 18.535371780395508], "sync": [0.39586400985717773, 0.4303271770477295], "comm_send": [0.0006525516510009766, 0.0004932880401611328, 0.0005629062652587891, 0.0005025863647460938, 0.0005104541778564453, 0.0005559921264648438, 0.0005946159362792969, 0.0005257129669189453, 0.0004963874816894531, 0.0004928112030029297, 0.0005249977111816406, 0.0005102157592773438, 0.0005791187286376953, 0.0005822181701660156, 0.0005540847778320312, 0.0005519390106201172, 0.0005016326904296875, 0.0005297660827636719, 0.0005052089691162109, 0.0005054473876953125, 0.0005311965942382812, 0.0005104541778564453, 0.0005288124084472656, 0.0004837512969970703, 0.00055694580078125, 0.00048732757568359375, 0.0005595684051513672, 0.0005311965942382812, 0.0006110668182373047, 0.0005054473876953125, 0.0005242824554443359, 0.0005071163177490234, 0.0005066394805908203, 0.0007350444793701172, 0.0005519390106201172, 0.0005280971527099609, 0.0005006790161132812, 0.0005931854248046875, 0.0004868507385253906, 0.0005571842193603516, 0.0005695819854736328, 0.0004980564117431641, 0.0005095005035400391, 0.0005285739898681641, 0.0004982948303222656, 0.0005159378051757812, 0.0005962848663330078, 0.0005519390106201172, 0.0005345344543457031, 0.0005209445953369141, 0.0006036758422851562, 0.0004982948303222656, 0.0006606578826904297, 0.0005195140838623047, 0.000518798828125, 0.0005609989166259766, 0.0005054473876953125, 0.0004980564117431641, 0.0005285739898681641, 0.00048422813415527344, 0.0005691051483154297, 0.0005776882171630859, 0.0006120204925537109, 0.0005681514739990234, 0.0006933212280273438, 0.0005011558532714844, 0.0007030963897705078, 0.00049591064453125, 0.0005834102630615234, 0.0005412101745605469, 0.00058746337890625, 0.0005373954772949219, 0.0005624294281005859, 0.0005784034729003906, 0.0005400180816650391, 0.0005152225494384766, 0.0005326271057128906, 0.0005404949188232422, 0.0005540847778320312, 0.0005171298980712891, 0.0004982948303222656, 0.0005328655242919922, 0.0005831718444824219, 0.0004973411560058594, 0.0005040168762207031, 0.0006167888641357422, 0.0005490779876708984, 0.000514984130859375, 0.0005705356597900391, 0.0007698535919189453, 0.0006048679351806641, 0.0005636215209960938, 0.0005779266357421875, 0.0005850791931152344, 0.0005283355712890625, 0.0005865097045898438, 0.000545501708984375, 0.0005185604095458984, 0.0005991458892822266, 0.0005095005035400391],