{"times": {"train": [19.608088970184326, 19.83090090751648, 21.811663389205933, 15.93670392036438, 19.774030208587646, 17.88308048248291, 16.14564824104309, 17.889814615249634, 19.94708776473999, 19.89100480079651, 19.888352632522583, 17.952147006988525, 21.68376350402832, 16.058467626571655, 18.150338888168335, 17.96705937385559, 18.07968521118164, 17.951202869415283, 17.78931450843811, 17.835882425308228, 15.631331205368042, 19.893015146255493, 17.710085153579712, 18.036802768707275, 17.84841513633728, 19.81096124649048, 17.976463079452515, 17.66650915145874, 15.987194061279297, 17.728080987930298, 21.802855491638184, 19.809043884277344, 16.06810712814331, 19.664196968078613, 16.025979042053223, 16.056071996688843, 19.792860507965088, 19.665740251541138, 17.935505867004395, 19.62090539932251, 18.04236149787903, 15.908086061477661, 17.708266735076904, 16.01119565963745, 17.935084342956543, 16.12271213531494, 19.873119592666626, 19.584749937057495, 19.840900897979736, 19.865554332733154], "comm_send": [0.0009419918060302734, 0.0007853507995605469, 0.0010402202606201172, 0.0009434223175048828, 0.0008494853973388672, 0.0008096694946289062, 0.0009870529174804688, 0.0011017322540283203, 0.0009531974792480469, 0.0011167526245117188, 0.0008678436279296875, 0.0009522438049316406, 0.0008928775787353516, 0.0009043216705322266, 0.0008194446563720703, 0.0009050369262695312, 0.0008935928344726562, 0.0008668899536132812, 0.0008625984191894531, 0.0009059906005859375, 0.0008041858673095703, 0.0007905960083007812, 0.0009224414825439453, 0.0008449554443359375, 0.0008494853973388672, 0.0010547637939453125, 0.0009770393371582031, 0.0008270740509033203, 0.0007889270782470703, 0.0011043548583984375, 0.0007777214050292969, 0.0008728504180908203, 0.0008950233459472656, 0.0008242130279541016, 0.0009021759033203125, 0.0008759498596191406, 0.0008552074432373047, 0.0008170604705810547, 0.0008535385131835938, 0.0009334087371826172, 0.0009517669677734375, 0.0008685588836669922, 0.0010459423065185547, 0.0008337497711181641, 0.0007967948913574219, 0.0008530616760253906, 0.0008869171142578125, 0.0008382797241210938, 0.0009336471557617188, 0.000982046127319336], "comm_recv": [0.004212617874145508, 0.003487825393676758, 0.007044076919555664, 0.00410914421081543, 0.0032553672790527344, 0.0032358169555664062, 0.005498409271240234, 0.011061668395996094, 0.0031986236572265625, 0.0033037662506103516, 0.003490447998046875, 0.004221200942993164, 0.003238677978515625, 0.004065513610839844, 0.0032129287719726562, 0.0032501220703125, 0.00499272346496582, 0.004388093948364258, 0.0032753944396972656, 0.0034487247467041016, 0.0033197402954101562, 0.0034227371215820312, 0.0032460689544677734, 0.003933906555175781, 0.003323793411254883, 0.0036668777465820312, 0.0037660598754882812, 0.0035338401794433594, 0.0033118724822998047, 0.003623485565185547, 0.003671407699584961, 0.0034589767456054688, 0.003345966339111328, 0.0037784576416015625, 0.0036721229553222656, 0.0036096572875976562, 0.003983020782470703, 0.0047457218170166016, 0.003698587417602539, 0.004201650619506836, 0.00333404541015625, 0.003404855728149414, 0.0054476261138916016, 0.003419637680053711, 0.0035142898559570312, 0.0035266876220703125, 0.005526065826416016, 0.0032525062561035156, 0.0034766197204589844, 0.003936767578125], "conv_send": [0.025478601455688477, 0.007017850875854492, 0.006531715393066406, 0.0064334869384765625, 0.006470203399658203, 0.006463289260864258, 0.0066280364990234375, 0.006957054138183594, 0.006501436233520508, 0.007008790969848633, 0.006470918655395508, 0.006430387496948242, 0.0067059993743896484, 0.006516695022583008, 0.0065343379974365234, 0.006555795669555664, 0.006426095962524414, 0.006551980972290039, 0.006560325622558594, 0.006702899932861328, 0.006485700607299805, 0.0071756839752197266, 0.006596803665161133, 0.006554365158081055, 0.0064394474029541016, 0.00675201416015625, 0.006937265396118164, 0.0065729618072509766, 0.0065364837646484375, 0.006701231002807617, 0.007035017013549805, 0.006530284881591797, 0.006586551666259766, 0.006981611251831055, 0.006480693817138672, 0.006827592849731445, 0.006496906280517578, 0.006647586822509766, 0.0065343379974365234, 0.006616830825805664, 0.006580829620361328, 0.0064487457275390625, 0.006721019744873047, 0.006564617156982422, 0.006563425064086914, 0.006551504135131836, 0.006666898727416992, 0.0069963932037353516, 0.007081270217895508, 0.007091045379638672], "conv_recv": [0.00025153160095214844, 0.00026869773864746094, 0.00032138824462890625, 0.0002727508544921875, 0.0002624988555908203, 0.00026416778564453125, 0.0002999305725097656, 0.00028777122497558594, 0.0002684593200683594, 0.0002913475036621094, 0.00027370452880859375, 0.0002722740173339844, 0.00028204917907714844, 0.0002675056457519531, 0.00026988983154296875, 0.0003173351287841797, 0.0002677440643310547, 0.0002815723419189453, 0.00031828880310058594, 0.00032711029052734375, 0.00027108192443847656, 0.0002677440643310547, 0.0002760887145996094, 0.0002868175506591797, 0.0002853870391845703, 0.0003135204315185547, 0.0002677440643310547, 0.0002791881561279297, 0.0002720355987548828, 0.00028634071350097656, 0.00027298927307128906, 0.0002715587615966797, 0.00025916099548339844, 0.0002682209014892578, 0.00029778480529785156, 0.0003104209899902344, 0.00026607513427734375, 0.00027370452880859375, 0.00026416778564453125, 0.0002999305725097656, 0.00026917457580566406, 0.00026106834411621094, 0.00030040740966796875, 0.00029015541076660156, 0.0002722740173339844, 0.00027108192443847656, 0.0003139972686767578, 0.00027370452880859375, 0.00027441978454589844, 0.0003669261932373047], "epochs": [19.654133558273315, 19.857365608215332, 21.842055559158325, 15.963444709777832, 19.79968523979187, 17.908897638320923, 16.17423129081726, 17.92432737350464, 19.97306251525879, 19.91786003112793, 19.9146511554718, 17.978917360305786, 21.710767030715942, 16.085277795791626, 18.176140546798706, 17.993035316467285, 18.107298374176025, 17.97836208343506, 17.815279483795166, 17.862337350845337, 15.657327890396118, 19.919456720352173, 17.73609232902527, 18.063508987426758, 17.874184370040894, 19.83795666694641, 18.003268241882324, 17.69296383857727, 16.013219356536865, 17.754854202270508, 21.829573392868042, 19.83523654937744, 16.094078302383423, 19.69083881378174, 16.052293300628662, 16.082947731018066, 19.81932783126831, 19.693339347839355, 17.961771249771118, 19.6479914188385, 18.068609714508057, 15.933979749679565, 17.736905097961426, 16.037451028823853, 17.96133542060852, 16.14893388748169, 19.901835680007935, 19.6114661693573, 19.867813110351562, 19.89297389984131]}}