{"times": {"train": [21.883689165115356, 17.94340229034424, 17.79603862762451, 19.880804300308228, 19.91237998008728, 16.000067472457886, 17.98027801513672, 19.850400686264038, 17.66257357597351, 18.096665143966675, 17.6316978931427, 17.990198612213135, 15.950002908706665, 18.1627140045166, 16.00773549079895, 16.0061457157135, 17.879629373550415, 19.872284650802612, 19.76155686378479, 19.778154850006104, 19.90045666694641, 17.979231357574463, 21.80092144012451, 17.922748804092407, 21.733291387557983, 17.925441026687622, 19.881239891052246, 17.907323598861694, 17.87677836418152, 15.90327763557434, 17.88286852836609, 15.978811502456665, 15.944034337997437, 23.603296756744385, 16.086862325668335, 16.145015239715576, 19.78969955444336, 17.841843843460083, 19.763584852218628, 23.622450351715088, 15.994598388671875, 19.745190143585205, 19.96480917930603, 19.882411003112793, 16.05954670906067, 19.752795696258545, 19.74171495437622, 16.06520366668701, 17.754650115966797, 21.62454628944397], "comm_send": [0.0008985996246337891, 0.0009672641754150391, 0.0008897781372070312, 0.0008320808410644531, 0.0011653900146484375, 0.0008087158203125, 0.0008637905120849609, 0.0008592605590820312, 0.0011065006256103516, 0.0008287429809570312, 0.0008411407470703125, 0.0008473396301269531, 0.0008094310760498047, 0.0008375644683837891, 0.0009007453918457031, 0.0008537769317626953, 0.0009350776672363281, 0.0009324550628662109, 0.0008828639984130859, 0.0008196830749511719, 0.0008745193481445312, 0.0009913444519042969, 0.0007951259613037109, 0.0008184909820556641, 0.0008764266967773438, 0.0009138584136962891, 0.0008141994476318359, 0.0009052753448486328, 0.00079345703125, 0.0009095668792724609, 0.0009653568267822266, 0.0008563995361328125, 0.0008409023284912109, 0.0008232593536376953, 0.0010399818420410156, 0.0008749961853027344, 0.0008399486541748047, 0.0009424686431884766, 0.0009622573852539062, 0.0008227825164794922, 0.0008902549743652344, 0.0008447170257568359, 0.0009238719940185547, 0.001054525375366211, 0.0009407997131347656, 0.0008296966552734375, 0.0009295940399169922, 0.0010707378387451172, 0.0008971691131591797, 0.0008106231689453125], "comm_recv": [0.0030930042266845703, 0.003798961639404297, 0.0033423900604248047, 0.003288745880126953, 0.003301382064819336, 0.0032465457916259766, 0.005535602569580078, 0.003397703170776367, 0.003170490264892578, 0.0043561458587646484, 0.003577709197998047, 0.003260374069213867, 0.0037202835083007812, 0.004193544387817383, 0.0034461021423339844, 0.003515958786010742, 0.003724813461303711, 0.003495931625366211, 0.003376483917236328, 0.003451824188232422, 0.006090402603149414, 0.0034449100494384766, 0.003412008285522461, 0.003448963165283203, 0.0034792423248291016, 0.003253459930419922, 0.003476858139038086, 0.003740549087524414, 0.004246234893798828, 0.003353118896484375, 0.0037899017333984375, 0.003467082977294922, 0.0037293434143066406, 0.003448009490966797, 0.0035402774810791016, 0.0036079883575439453, 0.0036242008209228516, 0.0035538673400878906, 0.0034933090209960938, 0.003492593765258789, 0.0034110546112060547, 0.0034813880920410156, 0.0038673877716064453, 0.0035178661346435547, 0.0040395259857177734, 0.0034742355346679688, 0.004242897033691406, 0.0038063526153564453, 0.004569530487060547, 0.003412961959838867], "conv_send": [0.025560855865478516, 0.0070116519927978516, 0.0064661502838134766, 0.00654911994934082, 0.006980419158935547, 0.006400346755981445, 0.006453752517700195, 0.006741046905517578, 0.00657343864440918, 0.006421327590942383, 0.006518363952636719, 0.006563425064086914, 0.006536006927490234, 0.0064928531646728516, 0.006685733795166016, 0.006484270095825195, 0.006507396697998047, 0.006923675537109375, 0.007063865661621094, 0.006490230560302734, 0.006494045257568359, 0.007122516632080078, 0.006985664367675781, 0.006540536880493164, 0.006618976593017578, 0.006511211395263672, 0.006497383117675781, 0.0066375732421875, 0.0069696903228759766, 0.0064508914947509766, 0.007207155227661133, 0.006441831588745117, 0.006543159484863281, 0.007024288177490234, 0.00658869743347168, 0.006441593170166016, 0.007005214691162109, 0.006579399108886719, 0.006922483444213867, 0.006483793258666992, 0.006600618362426758, 0.0064198970794677734, 0.006769418716430664, 0.006693363189697266, 0.006716489791870117, 0.006955146789550781, 0.00692439079284668, 0.0066182613372802734, 0.007005929946899414, 0.0065135955810546875], "conv_recv": [0.0002446174621582031, 0.0003306865692138672, 0.0002765655517578125, 0.00026416778564453125, 0.00030541419982910156, 0.0002772808074951172, 0.00027441978454589844, 0.0004966259002685547, 0.0002741813659667969, 0.00026106834411621094, 0.00026869773864746094, 0.0003154277801513672, 0.0002696514129638672, 0.0002713203430175781, 0.00030517578125, 0.000270843505859375, 0.0002677440643310547, 0.0002696514129638672, 0.0004267692565917969, 0.00027108192443847656, 0.0002753734588623047, 0.0003478527069091797, 0.00034046173095703125, 0.0003151893615722656, 0.0003154277801513672, 0.00026702880859375, 0.0002658367156982422, 0.0003421306610107422, 0.0002655982971191406, 0.0002715587615966797, 0.0003249645233154297, 0.00026726722717285156, 0.0002741813659667969, 0.0002689361572265625, 0.00029921531677246094, 0.00026869773864746094, 0.00027251243591308594, 0.0003006458282470703, 0.0002689361572265625, 0.0002655982971191406, 0.00026488304138183594, 0.00031948089599609375, 0.0002684593200683594, 0.0004189014434814453, 0.0002713203430175781, 0.00026988983154296875, 0.00027871131896972656, 0.00034308433532714844, 0.0002796649932861328, 0.0002620220184326172], "epochs": [21.929116249084473, 17.970433473587036, 17.821884870529175, 19.90683650970459, 19.939558029174805, 16.025707006454468, 18.008499145507812, 19.877384901046753, 17.688708066940308, 18.123383283615112, 17.658012628555298, 18.01607608795166, 15.976498126983643, 18.189462423324585, 16.03404426574707, 16.032114505767822, 17.905977249145508, 19.898809909820557, 19.788409948349, 19.8041410446167, 19.929272174835205, 18.007043600082397, 21.827483415603638, 17.949037313461304, 21.759785413742065, 17.951329946517944, 19.90773844718933, 17.934335947036743, 17.904012441635132, 15.929279327392578, 17.91055917739868, 16.004798889160156, 15.970414876937866, 23.630462169647217, 16.113386154174805, 16.17127013206482, 19.81658101081848, 17.868242025375366, 19.790240049362183, 23.6482253074646, 16.020750761032104, 19.77109384536743, 19.99166202545166, 19.90903902053833, 16.086557388305664, 19.779358386993408, 19.769246816635132, 16.09214949607849, 17.78248953819275, 21.650306940078735]}}