{"acc": [0.44533172749646543, 0.7027150861391842, 0.9001675655862177, 0.9062549091480337, 0.908585118081374, 0.9103785934963606, 0.9110069644446772, 0.9111902393046029, 0.9112033303660261, 0.9568518615489344, 0.9567994973032413, 0.9566947688118552, 0.9566685866890088, 0.956681677750432, 0.9567864062418181, 0.9570220453474367, 0.9572315023302089, 0.9574016861287113, 0.9576504162957533, 0.9579253285856417, 0.9581871498141069, 0.9585536995339582, 0.958998795622349, 0.9593915274650469, 0.959849714614861, 0.9603340838875216, 0.9608708174058753, 0.9613420956171126, 0.9620882861182385, 0.9626904749437084, 0.9633450280148714, 0.9638948525946484, 0.9643661308058857, 0.9649028643242394, 0.9711342095617113, 0.99164790281196, 0.9916609938733832, 0.9916871759962298, 0.9917788134261926, 0.9917919044876159, 0.9918442687333089, 0.9918442687333089, 0.9918704508561554, 0.9918704508561554, 0.9918835419175787, 0.9918835419175787, 0.9919882704089648, 0.9923286380059695, 0.9924857307430487, 0.9924857307430487], "mcc": [0.45753382048610514, 0.699238441845644, 0.8826075120931377, 0.8893688058813073, 0.8919716816376095, 0.8939855790154724, 0.8946924527498955, 0.8948986916519936, 0.8949173728490466, 0.9483340179387971, 0.9482687767153601, 0.9481406763576209, 0.9481087423559188, 0.948124021870277, 0.9482504301534244, 0.9485360918967014, 0.9487903898323894, 0.9489981301067513, 0.9493018720694711, 0.9496377549691533, 0.949957807709295, 0.9504053628132888, 0.9509496173061629, 0.9514295534333312, 0.9519912366889076, 0.9525853619314419, 0.9532445678801786, 0.953823468063737, 0.9547418676477536, 0.9554839965233674, 0.9562911005591118, 0.9569702926183848, 0.9575530328468189, 0.9582168218548139, 0.9659803127234455, 0.990008612907208, 0.9900240730570733, 0.9900552919271921, 0.9901645397678076, 0.9901801866375571, 0.9902426994032099, 0.9902426994032099, 0.9902739959656544, 0.9902739959656544, 0.9902896448547129, 0.9902896448547129, 0.9904145417834427, 0.9908203917688313, 0.9910077526459427, 0.9910077526459427], "f1": [0.39898647365967355, 0.6477674677807811, 0.8976659095988974, 0.9043433781614224, 0.9068698056196031, 0.9087958562464719, 0.909470770522908, 0.9096678990003598, 0.9096808351745485, 0.9566277124566276, 0.9565751900781939, 0.9564700173634012, 0.9564438022224905, 0.9564562790520754, 0.9565603717974079, 0.9567973727028324, 0.9570074696685964, 0.9571778423558909, 0.9574268309930041, 0.9577020055564919, 0.9579640547277406, 0.9583302734008221, 0.9587750448459541, 0.959166758079244, 0.9596251692149872, 0.9601088414387074, 0.9606457365651364, 0.9611168187072391, 0.9618631208045673, 0.9624653629537279, 0.9631196525163279, 0.9636695002531193, 0.9641408004729347, 0.9646777607465183, 0.9709130850201836, 0.9916727676625466, 0.9916858103627179, 0.9917119515340566, 0.9918042375290819, 0.991817418287953, 0.9918701004311599, 0.9918701004311599, 0.9918964617794183, 0.9918964617794183, 0.9919096424176709, 0.9919096424176709, 0.9920154698948148, 0.992359716016526, 0.9925186494478515, 0.9925186494478515], "times": {"epochs": [15.166312456130981, 7.843514919281006, 6.479616403579712, 7.847290992736816, 6.927938461303711, 6.720761775970459, 7.597121715545654, 8.617416858673096, 6.975342512130737, 7.047821283340454, 6.965878486633301, 6.962191581726074, 7.574935436248779, 6.27086067199707, 7.859776496887207, 7.022703170776367, 7.5376317501068115, 7.6856467723846436, 6.8372883796691895, 7.101818561553955, 7.838470220565796, 7.808361768722534, 8.627392768859863, 7.13883900642395, 7.051724195480347, 7.347401142120361, 7.090698957443237, 7.6896116733551025, 7.693590879440308, 7.587404489517212, 6.837600946426392, 7.138002395629883, 7.1221747398376465, 7.812652826309204, 7.214015960693359, 7.7905285358428955, 6.7899394035339355, 6.216591119766235, 6.936062574386597, 7.032515287399292, 6.955195903778076, 7.0250091552734375, 6.882706165313721, 7.713318109512329, 6.310332775115967, 6.225506782531738, 6.97269344329834, 6.675827980041504, 6.223604679107666, 6.858107089996338], "sync": [1.2093679904937744, 1.243255853652954], "comm_send": [0.0014791488647460938, 0.006785869598388672, 0.0010728836059570312, 0.001100778579711914, 0.0011947154998779297, 0.0010333061218261719, 0.0011448860168457031, 0.00113677978515625, 0.001087188720703125, 0.001277923583984375, 0.0012607574462890625, 0.0011296272277832031, 0.0016131401062011719, 0.0015439987182617188, 0.0018780231475830078, 0.0011680126190185547, 0.001302480697631836, 0.0012907981872558594, 0.0013375282287597656, 0.0011677742004394531, 0.0012485980987548828, 0.0012216567993164062, 0.0011317729949951172, 0.07784533500671387, 0.001667022705078125, 0.0011682510375976562, 0.0010890960693359375, 0.0018908977508544922, 0.0012197494506835938, 0.00115966796875, 0.0012178421020507812, 0.0012433528900146484, 0.0012726783752441406, 0.0011756420135498047, 0.0012409687042236328, 0.0011937618255615234, 0.0012359619140625, 0.0011630058288574219, 0.0011315345764160156, 0.001104116439819336, 0.0012362003326416016, 0.0012385845184326172, 0.0012581348419189453, 0.0012211799621582031, 0.001216888427734375, 0.001233816146850586, 0.0011479854583740234, 0.0011243820190429688, 0.0011224746704101562, 0.0011162757873535156],