{"times": {"train": [13.524219512939453, 10.369935750961304, 9.60979175567627, 8.81193232536316, 10.34992527961731, 9.568754196166992, 8.894421100616455, 11.141921281814575, 8.780505180358887, 10.42985486984253, 10.375798225402832, 8.89943528175354, 11.037413358688354, 9.66302752494812, 8.957845211029053, 9.441542387008667, 9.551451921463013, 10.303596019744873, 8.769572496414185, 10.381975412368774, 11.197651863098145, 8.839454650878906, 8.736112833023071, 10.40876293182373, 9.692792892456055, 10.190203428268433, 10.43751859664917, 11.214751958847046, 8.843833208084106, 10.293111085891724, 9.563943147659302, 9.609364748001099, 10.426074266433716, 9.59930682182312, 8.84544038772583, 10.452319383621216, 9.65505838394165, 9.642136812210083, 9.607571125030518, 10.399982690811157, 8.745385885238647, 10.33756422996521, 9.623296737670898, 8.674088478088379, 9.680020093917847, 8.978402853012085, 9.586702823638916, 9.417415142059326, 9.550658702850342, 10.310341119766235], "comm_send": [0.0008611679077148438, 0.0008242130279541016, 0.0009644031524658203, 0.0008642673492431641, 0.0008776187896728516, 0.0008852481842041016, 0.0008668899536132812, 0.0009357929229736328, 0.0010640621185302734, 0.0008080005645751953, 0.0009436607360839844, 0.0009582042694091797, 0.0008287429809570312, 0.0007271766662597656, 0.000934600830078125, 0.0009419918060302734, 0.0009322166442871094, 0.0008947849273681641, 0.0009148120880126953, 0.0010151863098144531, 0.0008785724639892578, 0.0009191036224365234, 0.0009615421295166016, 0.0007300376892089844, 0.0009701251983642578, 0.0008912086486816406, 0.0006585121154785156, 0.0008649826049804688, 0.0007584095001220703, 0.0008335113525390625, 0.0009052753448486328, 0.0008404254913330078, 0.0007288455963134766, 0.0009045600891113281, 0.0009641647338867188, 0.0008597373962402344, 0.0010101795196533203, 0.0007433891296386719, 0.001092672348022461, 0.0006990432739257812, 0.0009436607360839844, 0.0008454322814941406, 0.0009415149688720703, 0.0010616779327392578, 0.000827789306640625, 0.000985860824584961, 0.0008330345153808594, 0.0009455680847167969, 0.0009388923645019531, 0.0008389949798583984], "comm_recv": [1.55926513671875, 1.4708712100982666, 0.25354695320129395, 2.4270803928375244, 0.032266855239868164, 0.8988676071166992, 2.1429507732391357, 0.885685920715332, 1.6072332859039307, 0.003786802291870117, 0.014107227325439453, 1.4953408241271973, 0.0034389495849609375, 0.0035572052001953125, 2.2502665519714355, 0.942798376083374, 1.7269673347473145, 0.8137142658233643, 1.548694372177124, 0.12337183952331543, 0.003556489944458008, 2.3615176677703857, 3.2639119625091553, 0.0799710750579834, 0.7350692749023438, 0.9124884605407715, 0.0034685134887695312, 0.003787517547607422, 2.2408313751220703, 0.8051865100860596, 0.7534270286560059, 0.9140870571136475, 0.003421306610107422, 1.6579208374023438, 1.7710669040679932, 0.7593624591827393, 0.5304532051086426, 0.003402233123779297, 0.6938576698303223, 0.062401533126831055, 1.6212654113769531, 0.0415189266204834, 0.6425354480743408, 2.443915605545044, 0.004166603088378906, 0.6646101474761963, 0.8131284713745117, 0.9724786281585693, 0.11493992805480957, 0.003676891326904297], "conv_send": [0.025995254516601562, 0.006805896759033203, 0.00640106201171875, 0.006568431854248047, 0.006207466125488281, 0.006303071975708008, 0.006527900695800781, 0.006641387939453125, 0.006564140319824219, 0.006703376770019531, 0.006197452545166016, 0.006494283676147461, 0.006135463714599609, 0.006697177886962891, 0.006377220153808594, 0.0065228939056396484, 0.006363391876220703, 0.006322622299194336, 0.0066127777099609375, 0.0064318180084228516, 0.006684541702270508, 0.006512641906738281, 0.006375789642333984, 0.006250858306884766, 0.006214141845703125, 0.006639957427978516, 0.006747245788574219, 0.006691694259643555, 0.006507396697998047, 0.006332874298095703, 0.006560802459716797, 0.0067577362060546875, 0.006778240203857422, 0.006514072418212891, 0.006567239761352539, 0.006815671920776367, 0.006354331970214844, 0.006339550018310547, 0.006280422210693359, 0.0063054561614990234, 0.0064280033111572266, 0.006348133087158203, 0.00658869743347168, 0.006507396697998047, 0.006327629089355469, 0.006384849548339844, 0.006841182708740234, 0.006509065628051758, 0.0065021514892578125, 0.006322383880615234], "conv_recv": [0.00029087066650390625, 0.00029850006103515625, 0.0004601478576660156, 0.0002894401550292969, 0.00026345252990722656, 0.00029587745666503906, 0.0003008842468261719, 0.0002925395965576172, 0.0003383159637451172, 0.00023126602172851562, 0.00027060508728027344, 0.00029087066650390625, 0.00025582313537597656, 0.0002288818359375, 0.0003666877746582031, 0.00030231475830078125, 0.0002911090850830078, 0.0002982616424560547, 0.0002968311309814453, 0.00034618377685546875, 0.00029397010803222656, 0.00029659271240234375, 0.00029158592224121094, 0.0002570152282714844, 0.00029206275939941406, 0.0003788471221923828, 0.00023317337036132812, 0.0002818107604980469, 0.00031685829162597656, 0.0003135204315185547, 0.0003838539123535156, 0.0003230571746826172, 0.00023126602172851562, 0.00030803680419921875, 0.00029540061950683594, 0.00029397010803222656, 0.0004649162292480469, 0.00023436546325683594, 0.0003018379211425781, 0.00024628639221191406, 0.0002906322479248047, 0.0003681182861328125, 0.00029468536376953125, 0.0002899169921875, 0.00023508071899414062, 0.00032329559326171875, 0.00029659271240234375, 0.00029921531677246094, 0.00034356117248535156, 0.00023293495178222656], "epochs": [15.119938135147095, 11.857771396636963, 9.88025951385498, 11.255718231201172, 10.398303031921387, 10.484548330307007, 11.05417776107788, 12.044376850128174, 10.404711246490479, 10.4499351978302, 10.406046152114868, 10.411425352096558, 11.056761503219604, 9.682777404785156, 11.22493028640747, 10.401050567626953, 11.294975519180298, 11.133702516555786, 10.335059642791748, 10.522172927856445, 11.2176353931427, 11.217771053314209, 12.016751050949097, 10.504713296890259, 10.4443998336792, 11.119609355926514, 10.457421779632568, 11.235316276550293, 11.101252794265747, 11.114855289459229, 10.334361553192139, 10.540354251861572, 10.445844411849976, 11.273972511291504, 10.63330864906311, 11.228614807128906, 10.202362060546875, 9.661450624465942, 10.31827998161316, 10.478330135345459, 10.383415222167969, 10.395543813705444, 10.282657146453857, 11.134814500808716, 9.700240850448608, 9.659674882888794, 10.4167959690094, 10.406586647033691, 9.682403564453125, 10.330023527145386]}}