{"times": {"train": [13.679856777191162, 9.795630693435669, 8.952591896057129, 8.930691719055176, 9.631457328796387, 10.399163722991943, 9.63045597076416, 8.818570613861084, 10.38430404663086, 9.633238554000854, 8.839504480361938, 9.69113039970398, 9.616370439529419, 9.597639799118042, 8.807874917984009, 9.562241792678833, 9.599840879440308, 9.583836078643799, 9.642318487167358, 9.853643894195557, 9.627602815628052, 8.86767029762268, 8.857765436172485, 9.53277039527893, 10.423571586608887, 8.768198728561401, 8.790725469589233, 8.78700590133667, 9.60397744178772, 9.571607112884521, 8.821905851364136, 10.31612491607666, 8.791682243347168, 10.332093477249146, 10.611995458602905, 11.142339944839478, 9.587313175201416, 9.629410982131958, 10.297852993011475, 10.459583759307861, 9.674498796463013, 9.677489519119263, 8.793437242507935, 10.299796104431152, 9.658743381500244, 8.869997262954712, 9.463704347610474, 10.384377241134644, 9.663491487503052, 8.774398803710938], "comm_send": [0.0010833740234375, 0.0008172988891601562, 0.0007584095001220703, 0.0009393692016601562, 0.0008447170257568359, 0.0007653236389160156, 0.0007879734039306641, 0.0008320808410644531, 0.000990152359008789, 0.0007169246673583984, 0.0008299350738525391, 0.00079345703125, 0.0008132457733154297, 0.0008304119110107422, 0.0009174346923828125, 0.0007922649383544922, 0.0008003711700439453, 0.0008203983306884766, 0.0008120536804199219, 0.0008854866027832031, 0.0009884834289550781, 0.0008256435394287109, 0.0008051395416259766, 0.0008053779602050781, 0.0008373260498046875, 0.0009031295776367188, 0.0009348392486572266, 0.0009083747863769531, 0.0008056163787841797, 0.000865936279296875, 0.0009930133819580078, 0.0008733272552490234, 0.0009291172027587891, 0.0008761882781982422, 0.0006797313690185547, 0.0007789134979248047, 0.001049041748046875, 0.0008149147033691406, 0.0010449886322021484, 0.0008449554443359375, 0.0008573532104492188, 0.0009083747863769531, 0.0013794898986816406, 0.0008330345153808594, 0.0008113384246826172, 0.0010864734649658203, 0.0009751319885253906, 0.0006852149963378906, 0.0007128715515136719, 0.0009009838104248047], "comm_recv": [1.4038937091827393, 2.0459277629852295, 0.9098875522613525, 2.3077304363250732, 0.7504842281341553, 0.06757283210754395, 1.4078192710876465, 3.208969831466675, 0.002905607223510742, 0.8023891448974609, 1.549144983291626, 0.7021856307983398, 1.4250781536102295, 0.06839370727539062, 2.39911150932312, 0.823153018951416, 1.6796143054962158, 1.5555083751678467, 0.6540167331695557, 0.6520650386810303, 1.5746848583221436, 2.3327150344848633, 3.1421892642974854, 0.9562194347381592, 0.003175020217895508, 2.335891008377075, 1.650810718536377, 2.430830717086792, 1.4812662601470947, 1.5264532566070557, 1.495582103729248, 0.20791029930114746, 1.6380069255828857, 0.9243249893188477, 0.00341796875, 0.07007575035095215, 0.5985829830169678, 0.016330480575561523, 0.0035626888275146484, 0.0031359195709228516, 0.6926982402801514, 0.7015933990478516, 1.4716792106628418, 0.8185603618621826, 0.02514052391052246, 0.7727746963500977, 0.9364433288574219, 0.005548715591430664, 0.00292205810546875, 1.540320634841919], "conv_send": [0.025044679641723633, 0.006300687789916992, 0.006573915481567383, 0.006558656692504883, 0.006378650665283203, 0.006348609924316406, 0.006310462951660156, 0.0062770843505859375, 0.0064241886138916016, 0.0067386627197265625, 0.0065305233001708984, 0.006334543228149414, 0.0063402652740478516, 0.006165742874145508, 0.006482839584350586, 0.006322622299194336, 0.006256818771362305, 0.006251096725463867, 0.006094217300415039, 0.00618433952331543, 0.006205320358276367, 0.006205558776855469, 0.006116390228271484, 0.006303071975708008, 0.00672602653503418, 0.006590604782104492, 0.006376743316650391, 0.006514549255371094, 0.006175518035888672, 0.006196737289428711, 0.006422281265258789, 0.0067937374114990234, 0.006394624710083008, 0.006253957748413086, 0.006693840026855469, 0.006597042083740234, 0.00647282600402832, 0.006225109100341797, 0.006132602691650391, 0.006888151168823242, 0.00621795654296875, 0.006317853927612305, 0.006669282913208008, 0.006284236907958984, 0.006236553192138672, 0.006436586380004883, 0.0063626766204833984, 0.006692409515380859, 0.006319761276245117, 0.00643467903137207], "conv_recv": [0.0003077983856201172, 0.0003070831298828125, 0.0003612041473388672, 0.0002970695495605469, 0.00029206275939941406, 0.00026535987854003906, 0.00030994415283203125, 0.00036072731018066406, 0.00023889541625976562, 0.0002989768981933594, 0.0002999305725097656, 0.00029659271240234375, 0.00030303001403808594, 0.00027060508728027344, 0.0003464221954345703, 0.0002944469451904297, 0.0002951622009277344, 0.00030732154846191406, 0.0002987384796142578, 0.0003402233123779297, 0.0003008842468261719, 0.0002887248992919922, 0.0002911090850830078, 0.0002894401550292969, 0.00022983551025390625, 0.00031638145446777344, 0.00030422210693359375, 0.0002918243408203125, 0.0002951622009277344, 0.0003185272216796875, 0.0003619194030761719, 0.0002880096435546875, 0.00029158592224121094, 0.00032973289489746094, 0.00023317337036132812, 0.00025200843811035156, 0.0003476142883300781, 0.00024175643920898438, 0.00022983551025390625, 0.00023317337036132812, 0.0002970695495605469, 0.00029158592224121094, 0.00035834312438964844, 0.0003185272216796875, 0.000278472900390625, 0.0002880096435546875, 0.00029540061950683594, 0.00027823448181152344, 0.000244140625, 0.000286102294921875], "epochs": [15.119760274887085, 11.85839033126831, 9.879661321640015, 11.2555513381958, 10.398730039596558, 10.483413219451904, 11.054938793182373, 12.044180631637573, 10.403731107711792, 10.452406406402588, 10.405456066131592, 10.409816026687622, 11.057823181152344, 9.682123899459839, 11.223816156387329, 10.401723384857178, 11.295796155929565, 11.155612230300903, 10.312426328659058, 10.521983861923218, 11.218684434890747, 11.216619491577148, 12.016175031661987, 10.505315780639648, 10.443068981170654, 11.12099575996399, 10.458207130432129, 11.2346773147583, 11.101449966430664, 11.114321231842041, 10.334404468536377, 10.540919065475464, 10.446302890777588, 11.273620367050171, 10.631564140319824, 11.228729009628296, 10.20268440246582, 9.661656618118286, 10.317337989807129, 10.479341745376587, 10.38350510597229, 10.395497560501099, 10.282556772232056, 11.134755849838257, 9.700059652328491, 9.659545660018921, 10.416685581207275, 10.40623164176941, 9.682331562042236, 10.33127737045288]}}