{"times": {"train": [12.874284267425537, 11.832165002822876, 8.86634111404419, 11.23456883430481, 10.379838228225708, 10.464053392410278, 10.355339288711548, 12.023515462875366, 9.705594301223755, 9.62671160697937, 10.385389804840088, 10.390063762664795, 10.452981948852539, 9.624054908752441, 11.202547073364258, 10.382027387619019, 10.302929162979126, 9.566142797470093, 10.292753219604492, 9.514184951782227, 9.54214334487915, 11.195870876312256, 11.996510028839111, 9.559985876083374, 9.496733665466309, 11.098960638046265, 9.602643013000488, 9.560384273529053, 8.779709339141846, 8.632951736450195, 10.313708543777466, 10.383852243423462, 9.535439729690552, 10.432215929031372, 9.612300634384155, 8.814793109893799, 10.181835412979126, 9.518735647201538, 9.642389059066772, 10.305045127868652, 8.721977710723877, 9.54590892791748, 10.261410236358643, 11.115661382675171, 8.790041208267212, 9.601196765899658, 10.39378547668457, 10.322359085083008, 8.69336724281311, 8.791345596313477], "comm_send": [0.0007686614990234375, 0.0007748603820800781, 0.0008945465087890625, 0.0007696151733398438, 0.0007174015045166016, 0.0006618499755859375, 0.0008161067962646484, 0.0007872581481933594, 0.0010645389556884766, 0.0008916854858398438, 0.0006892681121826172, 0.00079345703125, 0.0008056163787841797, 0.0007793903350830078, 0.0007920265197753906, 0.0008058547973632812, 0.0008454322814941406, 0.0008037090301513672, 0.0007557868957519531, 0.0009129047393798828, 0.0008111000061035156, 0.0007910728454589844, 0.0007138252258300781, 0.0007426738739013672, 0.0008172988891601562, 0.0008704662322998047, 0.0007841587066650391, 0.0008370876312255859, 0.0007765293121337891, 0.00092315673828125, 0.0008864402770996094, 0.0006744861602783203, 0.0007646083831787109, 0.0008103847503662109, 0.0008075237274169922, 0.0008947849273681641, 0.0009181499481201172, 0.0009036064147949219, 0.0007901191711425781, 0.0008895397186279297, 0.0009047985076904297, 0.0010266304016113281, 0.0012331008911132812, 0.0008447170257568359, 0.0009241104125976562, 0.0009021759033203125, 0.0018792152404785156, 0.0008409023284912109, 0.0009400844573974609, 0.0008995532989501953], "comm_recv": [2.210094451904297, 0.00885462760925293, 0.9976015090942383, 0.0034110546112060547, 0.0034263134002685547, 0.003193378448486328, 0.6824791431427002, 0.004113197326660156, 0.6826107501983643, 0.8076765537261963, 0.003636598587036133, 0.0036325454711914062, 0.5884556770324707, 0.04253792762756348, 0.0033905506134033203, 0.003376007080078125, 0.977482795715332, 1.5731163024902344, 0.0037994384765625, 0.9914917945861816, 1.6604557037353516, 0.004104137420654297, 0.003610849380493164, 0.9311695098876953, 0.9306125640869141, 0.003223896026611328, 0.8401346206665039, 1.6583592891693115, 2.305232524871826, 2.4651057720184326, 0.0034987926483154297, 0.14101433753967285, 0.8950636386871338, 0.8244314193725586, 1.0039072036743164, 2.397719144821167, 0.0035212039947509766, 0.1280374526977539, 0.6575567722320557, 0.1573805809020996, 1.6443684101104736, 0.8329155445098877, 0.0035245418548583984, 0.003579378128051758, 0.894550085067749, 0.04101991653442383, 0.005465507507324219, 0.06820440292358398, 0.9725356101989746, 1.522963523864746], "conv_send": [0.02514505386352539, 0.006219387054443359, 0.006375312805175781, 0.006655454635620117, 0.0061533451080322266, 0.0066258907318115234, 0.006631612777709961, 0.006579875946044922, 0.006452083587646484, 0.0066907405853271484, 0.006209850311279297, 0.0065844058990478516, 0.006730079650878906, 0.006155729293823242, 0.007055759429931641, 0.006264448165893555, 0.006129026412963867, 0.006294727325439453, 0.006127357482910156, 0.0063664913177490234, 0.0061833858489990234, 0.006613969802856445, 0.006488800048828125, 0.006089210510253906, 0.006225109100341797, 0.0066986083984375, 0.0061664581298828125, 0.0062253475189208984, 0.006292819976806641, 0.006290435791015625, 0.006285667419433594, 0.00670313835144043, 0.006309986114501953, 0.0063323974609375, 0.006285190582275391, 0.00640106201171875, 0.006512641906738281, 0.006346464157104492, 0.006885528564453125, 0.006432533264160156, 0.006430387496948242, 0.006422996520996094, 0.0063245296478271484, 0.006246328353881836, 0.006401777267456055, 0.006207466125488281, 0.0067441463470458984, 0.006738901138305664, 0.006389617919921875, 0.006173372268676758], "conv_recv": [0.0003001689910888672, 0.0002319812774658203, 0.0005652904510498047, 0.00023055076599121094, 0.00025177001953125, 0.00023508071899414062, 0.0003020763397216797, 0.00023698806762695312, 0.0003814697265625, 0.0003333091735839844, 0.0002803802490234375, 0.00023245811462402344, 0.00029778480529785156, 0.0002486705780029297, 0.00031113624572753906, 0.00023365020751953125, 0.00029587745666503906, 0.00030231475830078125, 0.00023698806762695312, 0.0003304481506347656, 0.0002810955047607422, 0.0002300739288330078, 0.000225067138671875, 0.0002849102020263672, 0.00028443336486816406, 0.00022721290588378906, 0.00030732154846191406, 0.0002827644348144531, 0.0002887248992919922, 0.0002894401550292969, 0.0002505779266357422, 0.0002665519714355469, 0.0002841949462890625, 0.0003409385681152344, 0.00028777122497558594, 0.0002913475036621094, 0.0003058910369873047, 0.00029087066650390625, 0.0002911090850830078, 0.0002837181091308594, 0.00028896331787109375, 0.0002913475036621094, 0.0002238750457763672, 0.0002472400665283203, 0.0002892017364501953, 0.0002739429473876953, 0.00022602081298828125, 0.0002868175506591797, 0.0003247261047363281, 0.0002913475036621094], "epochs": [15.1200270652771, 11.856920957565308, 9.881490468978882, 11.254368782043457, 10.39903450012207, 10.483936786651611, 11.054619789123535, 12.043959856033325, 10.405155897140503, 10.451380252838135, 10.405012130737305, 10.410117387771606, 11.05833125114441, 9.68247675895691, 11.222834587097168, 10.40135669708252, 11.296709060668945, 11.155571699142456, 10.312240362167358, 10.52226996421814, 11.218562126159668, 11.216071128845215, 12.01607608795166, 10.507043838500977, 10.443429708480835, 11.118736743927002, 10.458867311477661, 11.235189437866211, 11.101196050643921, 11.114460706710815, 10.33333683013916, 10.54129695892334, 10.44685697555542, 11.273155212402344, 10.632436037063599, 11.228987693786621, 10.201762914657593, 9.663483381271362, 10.316936492919922, 10.478969097137451, 10.383053064346313, 10.395525693893433, 10.281402349472046, 11.135264873504639, 9.701221704483032, 9.658483982086182, 10.4166898727417, 10.407572031021118, 9.682419776916504, 10.330530166625977]}}