{"acc": [0.6971169940679441, 0.8075630364627271, 0.8930221347366729, 0.9301543941402536, 0.9471739043104487], "mcc": [0.5288677217749616, 0.7127335917328737, 0.8442213087637647, 0.8947225951000702, 0.9186805291536317], "f1": [0.6807549697523804, 0.7985268065682357, 0.895175497125266, 0.9328573203558519, 0.9491545775948796], "times": {"epochs": [1.53920316696167, 0.7942783832550049, 0.792147159576416, 0.7647426128387451, 0.7726519107818604], "sync": [0.06832313537597656, 0.07430195808410645], "comm_send": [6.103515625e-05, 5.7220458984375e-05, 5.4836273193359375e-05, 5.435943603515625e-05, 6.866455078125e-05], "comm_recv": [0.902524471282959, 0.020787954330444336, 0.24239611625671387, 0.5825760364532471, 0.011673688888549805, 0.014623880386352539, 0.5871284008026123, 0.008980989456176758, 0.003077983856201172, 0.5761399269104004, 0.007523536682128906, 0.000667572021484375, 0.5865471363067627, 0.0008146762847900391, 0.0012557506561279297], "conv_send": [5.5789947509765625e-05, 5.8650970458984375e-05, 5.412101745605469e-05, 5.53131103515625e-05, 5.8650970458984375e-05], "conv_recv": [6.890296936035156e-05, 6.628036499023438e-05, 6.151199340820312e-05, 7.009506225585938e-05, 5.412101745605469e-05, 4.9591064453125e-05, 7.081031799316406e-05, 3.910064697265625e-05, 2.0503997802734375e-05, 7.343292236328125e-05, 5.841255187988281e-05, 1.71661376953125e-05, 8.702278137207031e-05, 2.6941299438476562e-05, 4.482269287109375e-05], "global_times": [1.6135108470916748, 2.407827377319336, 3.200007200241089, 3.96478009223938, 4.7374656200408936]}}