{"times": {"train": [0.917067289352417, 0.6072683334350586, 0.5852713584899902, 0.5741262435913086, 0.5849311351776123], "comm_send": [4.076957702636719e-05, 3.504753112792969e-05, 4.553794860839844e-05, 5.054473876953125e-05, 4.863739013671875e-05], "comm_recv": [0.6157515048980713, 0.1851792335510254, 0.20502519607543945, 0.18861675262451172, 0.18612265586853027], "conv_send": [0.002902984619140625, 0.0007202625274658203, 0.0008170604705810547, 0.0009379386901855469, 0.0006060600280761719], "conv_recv": [7.200241088867188e-05, 5.9604644775390625e-05, 6.699562072753906e-05, 5.507469177246094e-05, 7.82012939453125e-05], "epochs": [1.5368750095367432, 0.7942092418670654, 0.7922000885009766, 0.7647051811218262, 0.7718527317047119]}}