{"times": {"train": [1.1596763134002686, 0.5926976203918457, 0.5978903770446777, 0.5828967094421387, 0.5860602855682373], "comm_send": [4.363059997558594e-05, 4.029273986816406e-05, 2.193450927734375e-05, 2.1457672119140625e-05, 2.2172927856445312e-05], "comm_recv": [0.3732166290283203, 0.19991469383239746, 0.19275283813476562, 0.18015813827514648, 0.1851506233215332], "conv_send": [0.002884387969970703, 0.0005342960357666016, 0.0004901885986328125, 0.0006530284881591797, 0.0004916191101074219], "conv_recv": [7.152557373046875e-05, 5.888938903808594e-05, 5.984306335449219e-05, 5.14984130859375e-05, 7.414817810058594e-05], "epochs": [1.536954641342163, 0.7942097187042236, 0.7921769618988037, 0.7646908760070801, 0.7718648910522461]}}