{"times": {"train": [0.8955206871032715, 0.5806548595428467, 0.5946547985076904, 0.5819625854492188, 0.5871343612670898], "comm_send": [6.842613220214844e-05, 5.626678466796875e-05, 3.170967102050781e-05, 3.62396240234375e-05, 2.7179718017578125e-05], "comm_recv": [0.6366775035858154, 0.2117140293121338, 0.19591212272644043, 0.18096446990966797, 0.18384051322937012], "conv_send": [0.0036725997924804688, 0.0007874965667724609, 0.0005548000335693359, 0.0007908344268798828, 0.0006966590881347656], "conv_recv": [6.508827209472656e-05, 6.628036499023438e-05, 7.653236389160156e-05, 5.745887756347656e-05, 7.414817810058594e-05], "epochs": [1.5370371341705322, 0.7942280769348145, 0.7921748161315918, 0.7647266387939453, 0.7718470096588135]}}