{"times": {"train": [9.524708032608032, 4.67815899848938, 5.331780672073364, 5.321991682052612, 5.078683614730835, 5.715209007263184, 5.064565896987915, 5.376155138015747, 5.724383592605591, 4.639198303222656, 4.971425533294678, 5.011848449707031, 6.057923078536987, 5.049427032470703, 4.984103441238403, 4.642757177352905, 4.68396258354187, 4.994632720947266, 4.688797950744629, 5.062364339828491, 4.991406440734863, 5.05769681930542, 5.029865026473999, 5.073354482650757, 4.989201784133911, 5.422367334365845, 5.00920557975769, 5.711923122406006, 5.3349082469940186, 5.032322883605957, 5.360812664031982, 5.30811619758606, 5.347500562667847, 5.435289621353149, 5.331507444381714, 5.318988800048828, 5.340900897979736, 4.557238340377808, 5.006629943847656, 4.975911617279053, 5.405382394790649, 5.043163537979126, 4.599406957626343, 5.714757442474365, 5.062049627304077, 4.972086429595947, 5.337104558944702, 4.714413642883301, 4.96608567237854, 5.684346437454224], "comm_send": [0.0009062290191650391, 0.0010104179382324219, 0.0010526180267333984, 0.0009481906890869141, 0.0009255409240722656, 0.0010457038879394531, 0.001102447509765625, 0.0010616779327392578, 0.0013625621795654297, 0.0009927749633789062, 0.0009632110595703125, 0.0010344982147216797, 0.0010983943939208984, 0.0010380744934082031, 0.0008838176727294922, 0.0010826587677001953, 0.0009264945983886719, 0.0019011497497558594, 0.15581989288330078, 0.31905412673950195, 0.045098304748535156, 0.0953514575958252, 0.011857986450195312, 0.0008857250213623047, 0.14082598686218262, 0.0010061264038085938, 0.0011067390441894531, 0.000978231430053711, 0.0010221004486083984, 0.0009627342224121094, 0.0011417865753173828, 0.0009605884552001953, 0.0009295940399169922, 0.0009489059448242188, 0.0009503364562988281, 0.0009770393371582031, 0.0009543895721435547, 0.0010106563568115234, 0.0008895397186279297, 0.0009908676147460938, 0.0010006427764892578, 0.0010068416595458984, 0.0009837150573730469, 0.0010380744934082031, 0.0010290145874023438, 0.0012028217315673828, 0.001094818115234375, 0.001024007797241211, 0.4597504138946533, 0.0011839866638183594], "comm_recv": [0.0034837722778320312, 0.003336191177368164, 0.007309675216674805, 0.003688335418701172, 0.0038480758666992188, 0.0062062740325927734, 0.003599405288696289, 0.003781557083129883, 0.003866434097290039, 0.0035867691040039062, 0.004180192947387695, 0.003898143768310547, 0.005219936370849609, 0.004199981689453125, 0.0038149356842041016, 0.0040700435638427734, 0.0038514137268066406, 0.00433039665222168, 0.003693819046020508, 0.004532575607299805, 0.004060983657836914, 0.0037250518798828125, 0.0034515857696533203, 0.00396728515625, 0.011574745178222656, 0.003798961639404297, 0.004037618637084961, 0.003768444061279297, 0.004044055938720703, 0.003693103790283203, 0.0051953792572021484, 0.004042625427246094, 0.0039594173431396484, 0.004068136215209961, 0.003592967987060547, 0.00484776496887207, 0.0033597946166992188, 0.003407001495361328, 0.00384521484375, 0.0033888816833496094, 0.003986835479736328, 0.0037937164306640625, 0.004042148590087891, 0.0042934417724609375, 0.004000425338745117, 0.0035462379455566406, 0.003954172134399414, 0.004154205322265625, 0.0030562877655029297, 0.003384828567504883], "conv_send": [0.030649185180664062, 0.007208347320556641, 0.007207632064819336, 0.007165193557739258, 0.007219791412353516, 0.007646083831787109, 0.007549762725830078, 0.007395029067993164, 0.00732421875, 0.007106781005859375, 0.0073125362396240234, 0.007589578628540039, 0.007603168487548828, 0.007488250732421875, 0.007260322570800781, 0.007308006286621094, 0.0072040557861328125, 0.007448673248291016, 0.007128715515136719, 0.007380485534667969, 0.007174253463745117, 0.007001399993896484, 0.007050991058349609, 0.007531404495239258, 0.006880998611450195, 0.007520437240600586, 0.007152557373046875, 0.007090330123901367, 0.007572650909423828, 0.0070209503173828125, 0.008236408233642578, 0.0073201656341552734, 0.007046222686767578, 0.007222652435302734, 0.007536172866821289, 0.007174015045166016, 0.0071794986724853516, 0.00719761848449707, 0.006740570068359375, 0.007282257080078125, 0.007462263107299805, 0.007225990295410156, 0.007511138916015625, 0.00742030143737793, 0.007384300231933594, 0.007077217102050781, 0.0072095394134521484, 0.0069768428802490234, 0.006797313690185547, 0.0072100162506103516], "conv_recv": [0.00031113624572753906, 0.0003197193145751953, 0.0003464221954345703, 0.0003306865692138672, 0.00032901763916015625, 0.0003542900085449219, 0.0004448890686035156, 0.00036334991455078125, 0.00033855438232421875, 0.0004012584686279297, 0.00035309791564941406, 0.0003440380096435547, 0.00035500526428222656, 0.0004420280456542969, 0.0003559589385986328, 0.00034999847412109375, 0.0003349781036376953, 0.0004057884216308594, 0.0004215240478515625, 0.0003516674041748047, 0.00034117698669433594, 0.0003342628479003906, 0.00034308433532714844, 0.000339508056640625, 0.00035953521728515625, 0.00034499168395996094, 0.0003504753112792969, 0.0003466606140136719, 0.00034356117248535156, 0.00034689903259277344, 0.0003962516784667969, 0.00035858154296875, 0.000347137451171875, 0.00034046173095703125, 0.0003364086151123047, 0.0003554821014404297, 0.00031256675720214844, 0.00036835670471191406, 0.00031185150146484375, 0.00035691261291503906, 0.00036144256591796875, 0.0003948211669921875, 0.00043582916259765625, 0.000339508056640625, 0.0003619194030761719, 0.0003535747528076172, 0.0003502368927001953, 0.00035500526428222656, 0.0003483295440673828, 0.0004930496215820312], "epochs": [9.576902627944946, 4.70649266242981, 5.364981651306152, 5.350552082061768, 5.107769966125488, 5.748131513595581, 5.094362497329712, 5.4058005809783936, 5.754463195800781, 4.667855739593506, 5.001760482788086, 5.041862487792969, 6.08917498588562, 5.079707384109497, 5.013395071029663, 4.672597646713257, 4.713181495666504, 5.026320457458496, 4.872178554534912, 5.41000509262085, 5.064743757247925, 5.179951429367065, 5.068623304367065, 5.10340142250061, 5.165302991867065, 5.45238471031189, 5.03867244720459, 5.740942716598511, 5.365208625793457, 5.060672998428345, 5.393328428268433, 5.338581562042236, 5.376603841781616, 5.464241981506348, 5.361145257949829, 5.349677085876465, 5.3691771030426025, 4.587137937545776, 5.034412145614624, 5.005024433135986, 5.435662031173706, 5.071736574172974, 4.6294941902160645, 5.744786977767944, 5.091725826263428, 5.000919818878174, 5.368530750274658, 4.743777751922607, 5.452395677566528, 5.71321702003479]}}