{"times": {"train": [9.498406171798706, 5.714153528213501, 4.6747472286224365, 4.991525173187256, 5.063039302825928, 5.379822492599487, 5.088473320007324, 5.313769102096558, 4.615636587142944, 5.271991491317749, 5.329293489456177, 4.627304792404175, 5.081433296203613, 4.938058853149414, 5.29634690284729, 5.3310699462890625, 4.627427101135254, 4.616133213043213, 4.9759416580200195, 4.6404945850372314, 5.063512325286865, 4.6683900356292725, 5.372800827026367, 5.351282596588135, 5.359432935714722, 4.669342279434204, 4.9946606159210205, 4.974096059799194, 4.946621656417847, 4.98215651512146, 5.041234254837036, 6.092295169830322, 5.323858737945557, 5.6943817138671875, 4.94172215461731, 5.28813099861145, 6.090579032897949, 4.964277505874634, 5.084000825881958, 4.668111324310303, 5.325071096420288, 5.035000801086426, 5.73150897026062, 4.6726977825164795, 4.740839242935181, 4.701921463012695, 5.345249652862549, 4.733994483947754, 5.014130353927612, 5.042163848876953], "comm_send": [0.0010571479797363281, 0.0010106563568115234, 0.0011889934539794922, 0.0009703636169433594, 0.0007965564727783203, 0.0009253025054931641, 0.0009877681732177734, 0.0010848045349121094, 0.0010578632354736328, 0.16265296936035156, 0.0009143352508544922, 0.13428235054016113, 0.6031060218811035, 0.001001119613647461, 0.0010712146759033203, 0.0010018348693847656, 0.0009853839874267578, 0.011242866516113281, 0.3469123840332031, 0.7413568496704102, 0.00098419189453125, 0.4532890319824219, 0.0011196136474609375, 0.0010213851928710938, 0.0011057853698730469, 0.0010237693786621094, 0.0009946823120117188, 0.0010831356048583984, 0.0008814334869384766, 0.00106048583984375, 0.0009915828704833984, 0.0009667873382568359, 0.0009050369262695312, 0.0010428428649902344, 0.0010142326354980469, 0.0012180805206298828, 0.00103759765625, 0.0010480880737304688, 0.0010766983032226562, 0.0009839534759521484, 0.0009472370147705078, 0.0009632110595703125, 0.0009241104125976562, 0.0010519027709960938, 0.0009486675262451172, 0.0010902881622314453, 0.0009233951568603516, 0.0008637905120849609, 0.8339626789093018, 0.0013086795806884766], "comm_recv": [0.0034761428833007812, 0.003640890121459961, 0.0036745071411132812, 0.005614280700683594, 0.0036509037017822266, 0.0033333301544189453, 0.003810405731201172, 0.006348848342895508, 0.0038909912109375, 0.004700899124145508, 0.0035746097564697266, 0.0037317276000976562, 0.020385026931762695, 0.004465579986572266, 0.0040094852447509766, 0.0038895606994628906, 0.004111289978027344, 0.0036993026733398438, 0.003966808319091797, 0.00727534294128418, 0.003519773483276367, 0.0033750534057617188, 0.0043888092041015625, 0.004092216491699219, 0.004369258880615234, 0.046865224838256836, 0.0039958953857421875, 0.0041654109954833984, 0.0036268234252929688, 0.005894184112548828, 0.00406646728515625, 0.004076242446899414, 0.0037164688110351562, 0.003960609436035156, 0.0035626888275146484, 0.00445246696472168, 0.004320859909057617, 0.004139900207519531, 0.004332304000854492, 0.0033299922943115234, 0.0037078857421875, 0.004221439361572266, 0.003626108169555664, 0.0035490989685058594, 0.004689693450927734, 0.0038161277770996094, 0.003482341766357422, 0.00406336784362793, 0.0031235218048095703, 0.003993988037109375], "conv_send": [0.029244422912597656, 0.009066581726074219, 0.007502555847167969, 0.007003307342529297, 0.007211923599243164, 0.0075533390045166016, 0.007101774215698242, 0.007278919219970703, 0.0076007843017578125, 0.007086753845214844, 0.0075533390045166016, 0.0077631473541259766, 0.00676727294921875, 0.007457733154296875, 0.007464170455932617, 0.0072519779205322266, 0.007120609283447266, 0.007296085357666016, 0.007220029830932617, 0.007266998291015625, 0.007101297378540039, 0.0076045989990234375, 0.007198810577392578, 0.007182598114013672, 0.007475852966308594, 0.0075817108154296875, 0.007261753082275391, 0.0074961185455322266, 0.0070116519927978516, 0.007268428802490234, 0.007367610931396484, 0.007823705673217773, 0.00725102424621582, 0.007285356521606445, 0.006980180740356445, 0.007538795471191406, 0.007240772247314453, 0.007649660110473633, 0.007835865020751953, 0.00712895393371582, 0.007223367691040039, 0.007486820220947266, 0.007294416427612305, 0.007035255432128906, 0.007249116897583008, 0.007718801498413086, 0.006981849670410156, 0.007280588150024414, 0.006844520568847656, 0.007507801055908203], "conv_recv": [0.0003304481506347656, 0.0003426074981689453, 0.0004837512969970703, 0.0003523826599121094, 0.00034332275390625, 0.00033354759216308594, 0.0004227161407470703, 0.00035119056701660156, 0.0003597736358642578, 0.000362396240234375, 0.0003452301025390625, 0.0003495216369628906, 0.0003490447998046875, 0.0003535747528076172, 0.00038123130798339844, 0.0003571510314941406, 0.0003516674041748047, 0.0003609657287597656, 0.00040221214294433594, 0.00036334991455078125, 0.0003578662872314453, 0.00034046173095703125, 0.0003314018249511719, 0.00036215782165527344, 0.00036978721618652344, 0.00040912628173828125, 0.000354766845703125, 0.0003674030303955078, 0.0003509521484375, 0.00035834312438964844, 0.0003440380096435547, 0.00036454200744628906, 0.0003371238708496094, 0.00036716461181640625, 0.00034236907958984375, 0.00035071372985839844, 0.0003299713134765625, 0.0004382133483886719, 0.0003552436828613281, 0.0004227161407470703, 0.0003421306610107422, 0.00037980079650878906, 0.0003437995910644531, 0.00039315223693847656, 0.0003654956817626953, 0.00036644935607910156, 0.0003304481506347656, 0.00043320655822753906, 0.00033593177795410156, 0.0004563331604003906], "epochs": [9.549110174179077, 5.746435880661011, 4.705048084259033, 5.022202968597412, 5.091634273529053, 5.408721208572388, 5.117602825164795, 5.3454296588897705, 4.646220922470093, 5.463138818740845, 5.359109878540039, 4.79017972946167, 5.728609323501587, 4.968435525894165, 5.326766490936279, 5.360811233520508, 4.656548261642456, 4.655652761459351, 5.350716829299927, 5.412819147109985, 5.091969966888428, 5.148900508880615, 5.402526140213013, 5.380936861038208, 5.389983654022217, 4.74307918548584, 5.0245935916900635, 5.004851818084717, 4.97522497177124, 5.014089584350586, 5.07145094871521, 6.122574329376221, 5.353687286376953, 5.72403621673584, 4.969908952713013, 5.318943738937378, 6.119553804397583, 4.995126247406006, 5.1151721477508545, 4.69644832611084, 5.353720188140869, 5.064892053604126, 5.760097980499268, 4.701358318328857, 4.771003007888794, 4.7324182987213135, 5.373385906219482, 4.7631354331970215, 5.874680280685425, 5.072358846664429]}}