{"times": {"train": [9.256229639053345, 5.750578165054321, 5.398880958557129, 6.051192998886108, 5.046928644180298, 5.053692817687988, 4.987801551818848, 5.09552001953125, 5.706463575363159, 5.086238384246826, 5.034276485443115, 5.646908521652222, 4.634133577346802, 5.047938108444214, 5.082817792892456, 4.674299478530884, 5.130058526992798, 5.64279842376709, 5.019026756286621, 5.019147634506226, 5.449331998825073, 5.017642259597778, 4.679666042327881, 5.416626453399658, 4.689531564712524, 5.0182061195373535, 4.7520623207092285, 5.462942123413086, 5.094060659408569, 5.421902418136597, 4.961838483810425, 5.071846961975098, 5.377313137054443, 5.695862054824829, 4.952762126922607, 5.7352001667022705, 4.67572283744812, 5.108550071716309, 5.113026857376099, 5.6727519035339355, 5.0245020389556885, 5.0084288120269775, 5.3603997230529785, 5.4098100662231445, 5.0308239459991455, 4.654302358627319, 4.624575853347778, 4.617544412612915, 4.974653482437134, 5.296307325363159], "comm_send": [0.0010666847229003906, 0.0014271736145019531, 0.0009899139404296875, 0.0009975433349609375, 0.0010521411895751953, 0.0010628700256347656, 0.0009429454803466797, 0.0010089874267578125, 0.0010256767272949219, 0.0010404586791992188, 0.0011188983917236328, 0.0009794235229492188, 0.0010328292846679688, 0.001434326171875, 0.0010755062103271484, 0.0013189315795898438, 0.0009753704071044922, 0.0009326934814453125, 0.0009205341339111328, 0.0009484291076660156, 0.001142263412475586, 0.0010869503021240234, 0.001058340072631836, 0.001012563705444336, 0.0009734630584716797, 0.0012564659118652344, 0.0010254383087158203, 0.0011780261993408203, 0.0010099411010742188, 0.0012202262878417969, 0.0010006427764892578, 0.0010726451873779297, 0.0010259151458740234, 0.0009059906005859375, 0.0009672641754150391, 0.0010142326354980469, 0.0010173320770263672, 0.0009586811065673828, 0.001033782958984375, 0.0009613037109375, 0.0010459423065185547, 0.0010781288146972656, 0.001081705093383789, 0.0010495185852050781, 0.00091552734375, 0.0009753704071044922, 0.0009899139404296875, 0.0010035037994384766, 0.8143277168273926, 0.0009667873382568359], "comm_recv": [0.003900289535522461, 0.004086017608642578, 0.0038003921508789062, 0.0040476322174072266, 0.004138946533203125, 0.004078388214111328, 0.0036025047302246094, 0.003947257995605469, 0.0038383007049560547, 0.003863096237182617, 0.003986835479736328, 0.003701925277709961, 0.004131317138671875, 0.006311893463134766, 0.004105329513549805, 0.003876209259033203, 0.004542827606201172, 0.0034444332122802734, 0.003562450408935547, 0.005504131317138672, 0.0039021968841552734, 0.007474184036254883, 0.004231452941894531, 0.004230976104736328, 0.0037865638732910156, 0.003958463668823242, 0.004082679748535156, 0.004747629165649414, 0.0061511993408203125, 0.004250049591064453, 0.0039484500885009766, 0.0045697689056396484, 0.004091739654541016, 0.0036780834197998047, 0.0039653778076171875, 0.0041501522064208984, 0.004285573959350586, 0.004105091094970703, 0.0035619735717773438, 0.004450559616088867, 0.0035903453826904297, 0.004548549652099609, 0.0036525726318359375, 0.004354238510131836, 0.0037207603454589844, 0.003915309906005859, 0.0040929317474365234, 0.005985736846923828, 0.003276824951171875, 0.003470897674560547], "conv_send": [0.03136420249938965, 0.007728099822998047, 0.007384538650512695, 0.007077217102050781, 0.007528543472290039, 0.00746917724609375, 0.007535696029663086, 0.007283687591552734, 0.007464408874511719, 0.0071866512298583984, 0.007244110107421875, 0.007228374481201172, 0.007565736770629883, 0.007757902145385742, 0.00717473030090332, 0.007442951202392578, 0.00745701789855957, 0.007070302963256836, 0.007123708724975586, 0.007069826126098633, 0.007906436920166016, 0.007697105407714844, 0.007413625717163086, 0.007283926010131836, 0.0068933963775634766, 0.007504701614379883, 0.0076808929443359375, 0.007784843444824219, 0.007204294204711914, 0.0072972774505615234, 0.007214069366455078, 0.007241964340209961, 0.007689476013183594, 0.007298707962036133, 0.0076732635498046875, 0.007258176803588867, 0.007711172103881836, 0.0072154998779296875, 0.0072557926177978516, 0.0075359344482421875, 0.00733494758605957, 0.007198810577392578, 0.007216453552246094, 0.0073397159576416016, 0.0072438716888427734, 0.0073320865631103516, 0.007244110107421875, 0.006834506988525391, 0.0074405670166015625, 0.007393836975097656], "conv_recv": [0.0003235340118408203, 0.00042724609375, 0.0003464221954345703, 0.00037407875061035156, 0.0003407001495361328, 0.0003483295440673828, 0.00035858154296875, 0.0003635883331298828, 0.0003819465637207031, 0.0003490447998046875, 0.0003647804260253906, 0.00033926963806152344, 0.0003571510314941406, 0.00041222572326660156, 0.0003573894500732422, 0.00035119056701660156, 0.0003826618194580078, 0.0003962516784667969, 0.0003833770751953125, 0.00034165382385253906, 0.00035762786865234375, 0.0003685951232910156, 0.0005137920379638672, 0.0003631114959716797, 0.0003409385681152344, 0.0004229545593261719, 0.0003540515899658203, 0.00035953521728515625, 0.00035858154296875, 0.00034737586975097656, 0.000354766845703125, 0.00035309791564941406, 0.0003609657287597656, 0.00036334991455078125, 0.0003604888916015625, 0.00035190582275390625, 0.0006079673767089844, 0.0003495216369628906, 0.0003151893615722656, 0.00034546852111816406, 0.00035381317138671875, 0.0003528594970703125, 0.0003256797790527344, 0.0003554821014404297, 0.0003647804260253906, 0.0004367828369140625, 0.00035643577575683594, 0.00034546852111816406, 0.0003685951232910156, 0.00036644935607910156], "epochs": [9.30955982208252, 5.7812864780426025, 5.428601264953613, 6.080342769622803, 5.076909303665161, 5.0837602615356445, 5.018726825714111, 5.124793291091919, 5.736662149429321, 5.1154444217681885, 5.064373731613159, 5.676149129867554, 4.665307521820068, 5.081931829452515, 5.112483501434326, 4.704745531082153, 5.160616159439087, 5.671693563461304, 5.047374486923218, 5.049253702163696, 5.479676723480225, 5.0521745681762695, 4.710439920425415, 5.44671368598938, 4.718205213546753, 5.047953128814697, 4.783308744430542, 5.495181322097778, 5.125479221343994, 5.452374219894409, 4.991157054901123, 5.102388143539429, 5.408451795578003, 5.724700689315796, 4.983479022979736, 5.765653133392334, 4.706932067871094, 5.13774847984314, 5.141225576400757, 5.702669382095337, 5.053961753845215, 5.038716554641724, 5.388761281967163, 5.440371513366699, 5.059924364089966, 4.684162616729736, 4.654052257537842, 4.647979736328125, 5.81673002243042, 5.325263261795044]}}