{"times": {"train": [8.889110326766968, 5.004598617553711, 5.466854572296143, 4.601781606674194, 5.394164323806763, 4.987323999404907, 5.426507949829102, 4.658938884735107, 6.010802507400513, 5.382365465164185, 4.988538980484009, 5.0141870975494385, 5.375698089599609, 5.069672107696533, 5.04385232925415, 4.670752048492432, 5.400542259216309, 5.363826751708984, 4.979841470718384, 5.043771266937256, 5.053504228591919, 4.610828638076782, 5.015019655227661, 4.746358633041382, 5.308957576751709, 4.7108728885650635, 5.298453330993652, 4.621008396148682, 5.015783071517944, 4.6183154582977295, 5.03325080871582, 4.98170280456543, 5.698226451873779, 4.634032487869263, 5.333479166030884, 5.022284746170044, 5.328902006149292, 4.682872772216797, 4.701955080032349, 5.07171893119812, 5.381381988525391, 5.352574110031128, 5.062501907348633, 5.400815725326538, 4.951099157333374, 5.451630115509033, 6.056951522827148, 6.109890699386597, 4.606269121170044, 5.716351270675659], "comm_send": [0.0011370182037353516, 0.0010538101196289062, 0.0012826919555664062, 0.0009145736694335938, 0.49144864082336426, 0.18532347679138184, 0.0010232925415039062, 0.0009829998016357422, 0.0010135173797607422, 0.0009560585021972656, 0.001009225845336914, 0.0010251998901367188, 0.0009465217590332031, 0.0010917186737060547, 0.00096893310546875, 0.0010426044464111328, 0.0008611679077148438, 0.0010862350463867188, 0.00113677978515625, 0.0009508132934570312, 0.0009131431579589844, 0.14043235778808594, 0.023621320724487305, 0.000949859619140625, 0.14584970474243164, 0.1670360565185547, 0.0009882450103759766, 0.0011954307556152344, 0.009740114212036133, 0.45358729362487793, 0.42586255073547363, 0.0034084320068359375, 0.0010483264923095703, 0.24873065948486328, 0.07338976860046387, 0.3044471740722656, 0.07144927978515625, 0.5888571739196777, 0.2923879623413086, 0.04268503189086914, 0.22379827499389648, 0.0009889602661132812, 0.0015895366668701172, 0.0012867450714111328, 0.0010485649108886719, 0.0010373592376708984, 0.0009641647338867188, 0.0009739398956298828, 0.0011038780212402344, 0.0009868144989013672], "comm_recv": [0.0040090084075927734, 0.005980491638183594, 0.004103660583496094, 0.004220008850097656, 0.004614114761352539, 0.009202241897583008, 0.004343509674072266, 0.003711223602294922, 0.0036864280700683594, 0.003892660140991211, 0.0037353038787841797, 0.008650064468383789, 0.003850698471069336, 0.0034105777740478516, 0.00400233268737793, 0.0038976669311523438, 0.003789663314819336, 0.004207611083984375, 0.0041179656982421875, 0.004525661468505859, 0.00391387939453125, 0.0032732486724853516, 0.003919124603271484, 0.00784158706665039, 0.011240720748901367, 0.0050008296966552734, 0.003818988800048828, 0.0041010379791259766, 0.004058361053466797, 0.003530740737915039, 0.0037097930908203125, 0.0036513805389404297, 0.003926753997802734, 0.0031316280364990234, 0.003350496292114258, 0.007807493209838867, 0.0035762786865234375, 0.0033431053161621094, 0.0041310787200927734, 0.003433704376220703, 0.0036449432373046875, 0.004254341125488281, 0.0038509368896484375, 0.0039446353912353516, 0.004037141799926758, 0.003746509552001953, 0.003557443618774414, 0.007044792175292969, 0.0034003257751464844, 0.003719329833984375], "conv_send": [0.03213381767272949, 0.007334470748901367, 0.007534980773925781, 0.007103681564331055, 0.007256269454956055, 0.009970664978027344, 0.00746607780456543, 0.007640361785888672, 0.0077686309814453125, 0.0069468021392822266, 0.0074748992919921875, 0.007351398468017578, 0.007444858551025391, 0.007918596267700195, 0.007074832916259766, 0.007361888885498047, 0.006952762603759766, 0.007505178451538086, 0.00729680061340332, 0.007339000701904297, 0.007567882537841797, 0.007135868072509766, 0.0072896480560302734, 0.0067348480224609375, 0.0068912506103515625, 0.007387876510620117, 0.007720232009887695, 0.007340669631958008, 0.0073931217193603516, 0.0074062347412109375, 0.007101535797119141, 0.007591962814331055, 0.007238149642944336, 0.007234811782836914, 0.0071680545806884766, 0.0075075626373291016, 0.007150411605834961, 0.007243156433105469, 0.007318258285522461, 0.007464408874511719, 0.008410453796386719, 0.007246255874633789, 0.007185220718383789, 0.0075833797454833984, 0.007324934005737305, 0.007628202438354492, 0.007460117340087891, 0.007673978805541992, 0.00717926025390625, 0.007580280303955078], "conv_recv": [0.0003299713134765625, 0.00036644935607910156, 0.00035858154296875, 0.0003635883331298828, 0.0004162788391113281, 0.0003497600555419922, 0.0003578662872314453, 0.000347137451171875, 0.0003478527069091797, 0.0003368854522705078, 0.0003674030303955078, 0.0003712177276611328, 0.0003457069396972656, 0.0004019737243652344, 0.00036597251892089844, 0.0003731250762939453, 0.0003113746643066406, 0.000461578369140625, 0.0004143714904785156, 0.0004363059997558594, 0.0003631114959716797, 0.00034689903259277344, 0.0003559589385986328, 0.0003647804260253906, 0.0003485679626464844, 0.0008614063262939453, 0.0003447532653808594, 0.0003693103790283203, 0.0003590583801269531, 0.0003573894500732422, 0.0003654956817626953, 0.000370025634765625, 0.0003590583801269531, 0.00034737586975097656, 0.0003428459167480469, 0.0003590583801269531, 0.00033855438232421875, 0.0005953311920166016, 0.00035309791564941406, 0.0003719329833984375, 0.000354766845703125, 0.00039196014404296875, 0.00035881996154785156, 0.00035762786865234375, 0.0003726482391357422, 0.0003688335418701172, 0.0003552436828613281, 0.0003769397735595703, 0.0003943443298339844, 0.00036454200744628906], "epochs": [8.943801164627075, 5.036210536956787, 5.497347116470337, 4.63112735748291, 5.914603233337402, 5.208595037460327, 5.457377195358276, 4.68888521194458, 6.040668725967407, 5.4115400314331055, 5.018421411514282, 5.048741340637207, 5.405743360519409, 5.10349178314209, 5.072884798049927, 4.7006494998931885, 5.428853273391724, 5.39404034614563, 5.010014772415161, 5.0739147663116455, 5.083549737930298, 4.777990102767944, 5.066300868988037, 4.778263807296753, 5.49008584022522, 4.909573078155518, 5.329510927200317, 4.651273965835571, 5.054059982299805, 5.099703073501587, 5.487406253814697, 5.014124393463135, 5.727978229522705, 4.909613847732544, 5.433972358703613, 5.358860015869141, 5.427746772766113, 5.29927659034729, 5.022451400756836, 5.142817735671997, 5.634065389633179, 5.382854223251343, 5.092243432998657, 5.431839466094971, 4.9805521965026855, 5.4810967445373535, 6.086396217346191, 6.1427929401397705, 4.635026693344116, 5.746325969696045]}}