{"times": {"train": [8.797322750091553, 5.773336887359619, 5.320541143417358, 5.310730457305908, 4.689250707626343, 4.66913628578186, 4.740781784057617, 4.762321710586548, 5.67767333984375, 4.61828875541687, 4.998621225357056, 5.345551490783691, 4.72548770904541, 5.703822612762451, 5.328835487365723, 5.001154661178589, 5.371246576309204, 5.329564094543457, 5.3467748165130615, 4.985832929611206, 4.614075422286987, 4.602383375167847, 4.630971431732178, 4.688703298568726, 4.7687671184539795, 4.996586084365845, 4.615569829940796, 5.6974263191223145, 5.47242546081543, 5.3151373863220215, 5.022341966629028, 4.658145904541016, 4.684676170349121, 4.973167657852173, 4.978143692016602, 5.662740230560303, 5.392265558242798, 5.005257606506348, 4.727665185928345, 5.713548898696899, 5.7801268100738525, 5.340386629104614, 5.1244072914123535, 5.330208778381348, 5.332142353057861, 4.6373162269592285, 5.320980548858643, 5.350193500518799, 5.2492616176605225, 4.736215591430664], "comm_send": [0.001024007797241211, 0.0009789466857910156, 0.0008919239044189453, 0.0009000301361083984, 0.0009565353393554688, 0.445997953414917, 0.12052130699157715, 0.29727935791015625, 0.0009288787841796875, 0.5326755046844482, 0.11646533012390137, 0.0009682178497314453, 0.6146888732910156, 0.0010218620300292969, 0.001032114028930664, 0.0010385513305664062, 0.0009510517120361328, 0.0009636878967285156, 0.0009682178497314453, 0.0009572505950927734, 0.0009489059448242188, 0.001081228256225586, 0.0007429122924804688, 0.0009424686431884766, 0.566375732421875, 0.0015187263488769531, 0.0010609626770019531, 0.00096893310546875, 0.0009636878967285156, 0.001008749008178711, 0.0008840560913085938, 0.0009014606475830078, 0.09521722793579102, 0.39585018157958984, 0.4430043697357178, 0.0010673999786376953, 0.0015664100646972656, 0.0010104179382324219, 0.19884538650512695, 0.0009613037109375, 0.0009562969207763672, 0.0010867118835449219, 0.0010197162628173828, 0.0009605884552001953, 0.0009856224060058594, 0.0009481906890869141, 0.0010542869567871094, 0.0010502338409423828, 0.0012621879577636719, 0.001710653305053711], "comm_recv": [0.003962039947509766, 0.010590791702270508, 0.026182889938354492, 0.003942728042602539, 0.004210710525512695, 0.003404855728149414, 0.003635883331298828, 0.004316091537475586, 0.003576993942260742, 0.004168272018432617, 0.007721662521362305, 0.0037355422973632812, 0.0036118030548095703, 0.003422260284423828, 0.003909587860107422, 0.0036313533782958984, 0.003579378128051758, 0.003557920455932617, 0.0035042762756347656, 0.003881216049194336, 0.003808736801147461, 0.003576040267944336, 0.0036945343017578125, 0.0034737586975097656, 0.0031359195709228516, 0.004015922546386719, 0.003937959671020508, 0.0038979053497314453, 0.0036330223083496094, 0.003769397735595703, 0.004053354263305664, 0.003949642181396484, 0.007053852081298828, 0.003148317337036133, 0.00418853759765625, 0.004209041595458984, 0.0038487911224365234, 0.003933429718017578, 0.003521442413330078, 0.003862142562866211, 0.0038356781005859375, 0.005343437194824219, 0.003719806671142578, 0.003871917724609375, 0.02637338638305664, 0.004049539566040039, 0.004105806350708008, 0.0038633346557617188, 0.004439353942871094, 0.0033483505249023438], "conv_send": [0.03256487846374512, 0.0074498653411865234, 0.007264614105224609, 0.0069539546966552734, 0.006834506988525391, 0.007163524627685547, 0.007082700729370117, 0.007379055023193359, 0.0071566104888916016, 0.007079601287841797, 0.007020711898803711, 0.0074918270111083984, 0.006551027297973633, 0.0073277950286865234, 0.007630109786987305, 0.007172107696533203, 0.0068624019622802734, 0.007043123245239258, 0.007684469223022461, 0.007323503494262695, 0.006707429885864258, 0.0070188045501708984, 0.006943941116333008, 0.0069196224212646484, 0.0070836544036865234, 0.00789189338684082, 0.006976127624511719, 0.0073816776275634766, 0.007248878479003906, 0.00733494758605957, 0.007263898849487305, 0.007134914398193359, 0.007025718688964844, 0.007559776306152344, 0.006989955902099609, 0.0073697566986083984, 0.0075643062591552734, 0.00726771354675293, 0.007161617279052734, 0.007436037063598633, 0.008209943771362305, 0.007546424865722656, 0.007729768753051758, 0.007429838180541992, 0.0074427127838134766, 0.00754547119140625, 0.007848978042602539, 0.007329463958740234, 0.007505655288696289, 0.007193565368652344], "conv_recv": [0.0003325939178466797, 0.00047779083251953125, 0.0003311634063720703, 0.00030684471130371094, 0.0003292560577392578, 0.00032711029052734375, 0.0004169940948486328, 0.0003542900085449219, 0.00033283233642578125, 0.0003418922424316406, 0.0003345012664794922, 0.0003402233123779297, 0.0003345012664794922, 0.0003216266632080078, 0.0003590583801269531, 0.0003426074981689453, 0.0003342628479003906, 0.0003387928009033203, 0.0003323554992675781, 0.0003421306610107422, 0.0003216266632080078, 0.00034999847412109375, 0.00033020973205566406, 0.0003757476806640625, 0.00032711029052734375, 0.0004398822784423828, 0.00032639503479003906, 0.0003407001495361328, 0.0003559589385986328, 0.00033855438232421875, 0.0003752708435058594, 0.0003287792205810547, 0.00034308433532714844, 0.0003337860107421875, 0.00033092498779296875, 0.00034308433532714844, 0.00035691261291503906, 0.0003304481506347656, 0.0003349781036376953, 0.0003533363342285156, 0.0003387928009033203, 0.00035190582275390625, 0.00034427642822265625, 0.0003631114959716797, 0.0004172325134277344, 0.0003719329833984375, 0.00033926963806152344, 0.0005362033843994141, 0.0004851818084716797, 0.0003345012664794922], "epochs": [8.852703094482422, 5.810399770736694, 5.372138500213623, 5.339198112487793, 4.718153715133667, 5.141903400421143, 4.888992071151733, 5.088937759399414, 5.706470489501953, 5.178764820098877, 5.146727800369263, 5.375425577163696, 5.366801500320435, 5.732588052749634, 5.358705520629883, 5.03045916557312, 5.399307727813721, 5.3575921058654785, 5.376550912857056, 5.015732526779175, 4.642151355743408, 4.631080627441406, 4.658841848373413, 4.716493606567383, 5.361947536468506, 5.0275797843933105, 4.644223213195801, 5.72683572769165, 5.502727270126343, 5.344341039657593, 5.051909923553467, 4.687225103378296, 4.810792684555054, 5.395996570587158, 5.448663711547852, 5.693234920501709, 5.422214031219482, 5.034067153930664, 4.953744411468506, 5.7433762550354, 5.810449838638306, 5.371456861495972, 5.154218673706055, 5.3601531982421875, 5.384114503860474, 4.6679229736328125, 5.351844310760498, 5.37970757484436, 5.280372381210327, 4.765544176101685]}}