{"times": {"train": [9.424767255783081, 5.008421421051025, 4.714369773864746, 5.470969915390015, 4.641045331954956, 5.337327480316162, 4.977144241333008, 5.360103368759155, 5.683169841766357, 4.998802423477173, 4.958411931991577, 4.972527742385864, 4.576983690261841, 4.617790460586548, 6.024583339691162, 5.00830078125, 5.0457680225372314, 4.980336904525757, 4.963836669921875, 4.637747049331665, 4.668363094329834, 4.986124277114868, 5.379575729370117, 4.716648817062378, 5.3103320598602295, 5.287933111190796, 5.340068340301514, 5.3090784549713135, 4.605638265609741, 5.3359715938568115, 5.0002477169036865, 4.973592758178711, 4.889107704162598, 4.9987030029296875, 5.02260160446167, 5.3175928592681885, 4.630673170089722, 4.953106880187988, 5.377605199813843, 4.678646802902222, 5.032195329666138, 4.975356340408325, 4.603343486785889, 5.295926570892334, 5.344494581222534, 4.957205295562744, 4.622044324874878, 5.689279317855835, 5.306962728500366, 4.952406167984009], "comm_send": [0.0016231536865234375, 0.0009829998016357422, 0.0013957023620605469, 0.0008642673492431641, 0.5995514392852783, 0.0009620189666748047, 0.0011467933654785156, 0.0009484291076660156, 0.0010662078857421875, 0.0009124279022216797, 0.0009496212005615234, 0.0009064674377441406, 0.8541202545166016, 0.0009534358978271484, 0.0009474754333496094, 0.0009510517120361328, 0.001119852066040039, 0.001001119613647461, 0.0009853839874267578, 0.23186397552490234, 0.388519287109375, 0.17027640342712402, 0.0010457038879394531, 0.0010445117950439453, 0.0009136199951171875, 0.0010428428649902344, 0.001068115234375, 0.001024007797241211, 0.0009882450103759766, 0.0010344982147216797, 0.001069784164428711, 0.0010242462158203125, 0.001188039779663086, 0.011420965194702148, 0.3968086242675781, 0.0008497238159179688, 0.7549271583557129, 0.3121175765991211, 0.001028299331665039, 0.05031251907348633, 0.5750119686126709, 0.0010161399841308594, 0.01621413230895996, 0.279163122177124, 0.001184225082397461, 0.0010876655578613281, 0.05211019515991211, 0.0009548664093017578, 0.6052887439727783, 0.0010099411010742188], "comm_recv": [0.0035088062286376953, 0.00363922119140625, 0.005110263824462891, 0.00391077995300293, 0.0038454532623291016, 0.00380706787109375, 0.003938913345336914, 0.003828287124633789, 0.004326343536376953, 0.0035469532012939453, 0.0045664310455322266, 0.003294706344604492, 0.003664731979370117, 0.004543781280517578, 0.0037622451782226562, 0.003586292266845703, 0.003921031951904297, 0.003452777862548828, 0.004448413848876953, 0.0030908584594726562, 0.0037627220153808594, 0.003587484359741211, 0.0037784576416015625, 0.00434112548828125, 0.004067897796630859, 0.004492282867431641, 0.003765583038330078, 0.0037369728088378906, 0.004138469696044922, 0.004644155502319336, 0.004064321517944336, 0.004605770111083984, 0.004189252853393555, 0.003456592559814453, 0.020693302154541016, 0.003557920455932617, 0.003439188003540039, 0.0035877227783203125, 0.003859281539916992, 0.003818988800048828, 0.0035524368286132812, 0.003968954086303711, 0.005306720733642578, 0.00440526008605957, 0.003922700881958008, 0.0038521289825439453, 0.004259824752807617, 0.0040435791015625, 0.0031745433807373047, 0.004318714141845703], "conv_send": [0.030452966690063477, 0.007043123245239258, 0.007256269454956055, 0.00734710693359375, 0.007296562194824219, 0.0071413516998291016, 0.00705409049987793, 0.00751185417175293, 0.0073430538177490234, 0.007410526275634766, 0.0071277618408203125, 0.007076740264892578, 0.0072820186614990234, 0.0071790218353271484, 0.007354021072387695, 0.007211208343505859, 0.007079601287841797, 0.0067174434661865234, 0.007444620132446289, 0.006810426712036133, 0.007636070251464844, 0.007197141647338867, 0.006929636001586914, 0.0070950984954833984, 0.00704646110534668, 0.0071756839752197266, 0.007275819778442383, 0.006937980651855469, 0.007373809814453125, 0.007487773895263672, 0.007437229156494141, 0.007268667221069336, 0.00735926628112793, 0.006778240203857422, 0.012452125549316406, 0.006863832473754883, 0.007180929183959961, 0.0073239803314208984, 0.007779836654663086, 0.007302522659301758, 0.006986379623413086, 0.007222652435302734, 0.007254123687744141, 0.0067555904388427734, 0.007512092590332031, 0.007139444351196289, 0.007214784622192383, 0.007203102111816406, 0.007422208786010742, 0.007299900054931641], "conv_recv": [0.0003116130828857422, 0.00033926963806152344, 0.00037384033203125, 0.00032639503479003906, 0.00039005279541015625, 0.0003409385681152344, 0.0003275871276855469, 0.0003170967102050781, 0.0003256797790527344, 0.00031828880310058594, 0.0003333091735839844, 0.0003104209899902344, 0.0003592967987060547, 0.0003306865692138672, 0.0003380775451660156, 0.00032138824462890625, 0.00034236907958984375, 0.00028443336486816406, 0.00033211708068847656, 0.00032973289489746094, 0.0003955364227294922, 0.000324249267578125, 0.00033020973205566406, 0.0003917217254638672, 0.0003273487091064453, 0.00043272972106933594, 0.00034546852111816406, 0.0003285408020019531, 0.0003414154052734375, 0.0004534721374511719, 0.00034356117248535156, 0.0003407001495361328, 0.0003528594970703125, 0.0003554821014404297, 0.0004010200500488281, 0.00041604042053222656, 0.0003323554992675781, 0.0003287792205810547, 0.0003364086151123047, 0.00034546852111816406, 0.0003974437713623047, 0.00033164024353027344, 0.000339508056640625, 0.0003445148468017578, 0.0004134178161621094, 0.0003437995910644531, 0.0003390312194824219, 0.0003349781036376953, 0.00033545494079589844, 0.0003669261932373047], "epochs": [9.476761817932129, 5.036710262298584, 4.745667457580566, 5.500551462173462, 5.268574953079224, 5.366230726242065, 5.005999326705933, 5.38949728012085, 5.712775468826294, 5.0272674560546875, 4.988362550735474, 5.00029182434082, 5.458521604537964, 4.64715313911438, 6.053262710571289, 5.0368123054504395, 5.074543714523315, 5.008774757385254, 4.994198560714722, 4.896115064620972, 5.084996461868286, 5.1832475662231445, 5.407943964004517, 4.746919631958008, 5.339251518249512, 5.317705869674683, 5.369631767272949, 5.337080478668213, 4.635101795196533, 5.366576433181763, 5.030125141143799, 5.003201723098755, 4.91863489151001, 5.036607027053833, 5.469082355499268, 5.345075368881226, 5.412626266479492, 5.292659521102905, 5.40765643119812, 4.757040023803711, 5.634030342102051, 5.004306793212891, 4.6488423347473145, 5.603821039199829, 5.3740410804748535, 4.986719369888306, 4.702167272567749, 5.718378067016602, 5.9391608238220215, 4.982190132141113]}}