{"times": {"train": [9.662641763687134, 4.989177942276001, 4.993077754974365, 4.966930627822876, 5.060176372528076, 5.4429099559783936, 5.71923303604126, 4.716243505477905, 5.068026542663574, 4.998736381530762, 5.288195848464966, 5.015217542648315, 5.099891901016235, 4.629907131195068, 4.616178035736084, 5.0023791790008545, 4.613629341125488, 5.352886438369751, 5.338496685028076, 4.984840393066406, 5.007018566131592, 5.062739372253418, 4.737443923950195, 5.009106397628784, 5.316125869750977, 4.650105953216553, 4.967742681503296, 5.3903398513793945, 5.020565748214722, 4.959944725036621, 5.0297627449035645, 4.974757194519043, 4.527289152145386, 5.653104543685913, 4.62036657333374, 5.274679660797119, 4.6519880294799805, 5.027268171310425, 5.055520057678223, 5.336005926132202, 4.574506998062134, 5.348545789718628, 5.396404504776001, 4.639294624328613, 4.637702226638794, 6.069863796234131, 5.659916877746582, 5.345560312271118, 4.560689926147461, 5.002890348434448], "comm_send": [0.001238107681274414, 0.0009505748748779297, 0.0010132789611816406, 0.0009894371032714844, 0.18958353996276855, 0.0011456012725830078, 0.001371622085571289, 0.0010499954223632812, 0.0010514259338378906, 0.0008671283721923828, 0.0008835792541503906, 0.0008521080017089844, 0.3728175163269043, 0.0008714199066162109, 0.3746979236602783, 0.14185047149658203, 0.09940052032470703, 0.000881195068359375, 0.0009050369262695312, 0.35271143913269043, 0.038187265396118164, 0.09509849548339844, 0.302260160446167, 0.0009074211120605469, 0.0010962486267089844, 0.11014246940612793, 0.0008974075317382812, 0.0009682178497314453, 0.0011248588562011719, 0.001178741455078125, 0.11150383949279785, 0.000997781753540039, 0.6844885349273682, 0.0010995864868164062, 0.5009775161743164, 0.045803070068359375, 0.7632081508636475, 0.2400188446044922, 0.0010390281677246094, 0.0010800361633300781, 0.7312216758728027, 0.0010457038879394531, 0.000942230224609375, 0.0010831356048583984, 0.38870763778686523, 0.0009555816650390625, 0.0009713172912597656, 0.0008480548858642578, 0.001199960708618164, 0.0008766651153564453], "comm_recv": [0.004380941390991211, 0.0036046504974365234, 0.004096269607543945, 0.003975391387939453, 0.006330251693725586, 0.003100872039794922, 0.003759145736694336, 0.0035789012908935547, 0.0038602352142333984, 0.0032470226287841797, 0.0040438175201416016, 0.003537416458129883, 0.007755756378173828, 0.0037870407104492188, 0.004611492156982422, 0.0036935806274414062, 0.005382537841796875, 0.0038604736328125, 0.003899097442626953, 0.007177591323852539, 0.005727052688598633, 0.0030083656311035156, 0.003081083297729492, 0.00353240966796875, 0.004578828811645508, 0.0036056041717529297, 0.00396418571472168, 0.006378650665283203, 0.0035660266876220703, 0.0042607784271240234, 0.0033855438232421875, 0.0036749839782714844, 0.0061838626861572266, 0.009902238845825195, 0.004365444183349609, 0.0036895275115966797, 0.0035114288330078125, 0.0034842491149902344, 0.004172086715698242, 0.0037033557891845703, 0.003204822540283203, 0.004324913024902344, 0.0039293766021728516, 0.006688117980957031, 0.004542112350463867, 0.004045248031616211, 0.003650188446044922, 0.005166769027709961, 0.004162311553955078, 0.003604888916015625], "conv_send": [0.03215432167053223, 0.007176876068115234, 0.0072786808013916016, 0.007016181945800781, 0.007058382034301758, 0.006743431091308594, 0.007505893707275391, 0.00684046745300293, 0.0072536468505859375, 0.00677490234375, 0.006770133972167969, 0.0069370269775390625, 0.006986141204833984, 0.006932258605957031, 0.006954669952392578, 0.007044315338134766, 0.0072863101959228516, 0.007188320159912109, 0.0074613094329833984, 0.006937503814697266, 0.006798982620239258, 0.006615161895751953, 0.007306337356567383, 0.007170677185058594, 0.008757352828979492, 0.007391452789306641, 0.007026195526123047, 0.006992340087890625, 0.007111310958862305, 0.007427215576171875, 0.006999492645263672, 0.0072956085205078125, 0.007280826568603516, 0.007401227951049805, 0.0069408416748046875, 0.006840705871582031, 0.006844043731689453, 0.007420539855957031, 0.007699489593505859, 0.0071294307708740234, 0.007016658782958984, 0.007405519485473633, 0.0072634220123291016, 0.007193565368652344, 0.00728607177734375, 0.007220745086669922, 0.007810115814208984, 0.007205963134765625, 0.0073435306549072266, 0.006926298141479492], "conv_recv": [0.0003669261932373047, 0.0003314018249511719, 0.0004115104675292969, 0.0003819465637207031, 0.0003275871276855469, 0.0003218650817871094, 0.0003452301025390625, 0.00032329559326171875, 0.0003192424774169922, 0.0003044605255126953, 0.0003867149353027344, 0.0005958080291748047, 0.0004563331604003906, 0.0003192424774169922, 0.0003666877746582031, 0.0003387928009033203, 0.00034236907958984375, 0.0003533363342285156, 0.00032806396484375, 0.00033664703369140625, 0.00039267539978027344, 0.00037360191345214844, 0.00032401084899902344, 0.0003952980041503906, 0.0004143714904785156, 0.0003330707550048828, 0.0003414154052734375, 0.0003387928009033203, 0.00032639503479003906, 0.0003452301025390625, 0.00034499168395996094, 0.0003228187561035156, 0.0003440380096435547, 0.00033926963806152344, 0.0003249645233154297, 0.0003771781921386719, 0.00036072731018066406, 0.0003323554992675781, 0.00036334991455078125, 0.0003178119659423828, 0.00038552284240722656, 0.0003342628479003906, 0.0003447532653808594, 0.00033354759216308594, 0.0003650188446044922, 0.0003409385681152344, 0.00039768218994140625, 0.0003540515899658203, 0.0003261566162109375, 0.0003266334533691406], "epochs": [9.717865228652954, 5.01758599281311, 5.023333787918091, 4.9961018562316895, 5.27986216545105, 5.470611333847046, 5.748584508895874, 4.74424409866333, 5.096881628036499, 5.02614688873291, 5.3168768882751465, 5.043281078338623, 5.503903865814209, 4.658085346221924, 5.0196192264556885, 5.171738147735596, 4.742938756942749, 5.381780624389648, 5.36751127243042, 5.368054389953613, 5.074304103851318, 5.183406591415405, 5.065960645675659, 5.041155815124512, 5.347872257232666, 4.787994623184204, 4.996858596801758, 5.4214630126953125, 5.049458742141724, 4.991098642349243, 5.168342351913452, 5.004022598266602, 5.241662263870239, 5.6886725425720215, 5.1488354206085205, 5.3473122119903564, 5.443255424499512, 5.294646263122559, 5.085092544555664, 5.364301443099976, 5.332475185394287, 5.37817907333374, 5.425690412521362, 4.671101808547974, 5.055148601531982, 6.099363327026367, 5.688945293426514, 5.376281976699829, 4.59081506729126, 5.031182527542114]}}