{"times": {"train": [9.157721757888794, 5.344672679901123, 4.971094608306885, 5.710574388504028, 5.336733341217041, 5.355153560638428, 5.031805515289307, 5.33260703086853, 4.602553844451904, 5.336876153945923, 6.032031059265137, 5.027516603469849, 4.649070739746094, 5.385751962661743, 4.734414339065552, 5.053133249282837, 4.9842915534973145, 5.156996011734009, 4.985059499740601, 5.440764427185059, 4.631045579910278, 5.401835680007935, 5.012174606323242, 4.650810480117798, 4.743037939071655, 5.3797080516815186, 5.025292634963989, 4.660612344741821, 4.990861892700195, 4.950786590576172, 4.638443470001221, 5.3331568241119385, 4.989944934844971, 4.906524181365967, 5.356225252151489, 4.983080148696899, 5.028003692626953, 5.705162048339844, 5.376821994781494, 4.587982416152954, 4.993804454803467, 5.071357011795044, 5.345288515090942, 4.992820978164673, 5.399956464767456, 4.719704627990723, 4.640815496444702, 5.717909336090088, 4.680295467376709, 5.327387809753418], "comm_send": [0.0009481906890869141, 0.0009579658508300781, 0.0009112358093261719, 0.0009281635284423828, 0.0010585784912109375, 0.0010249614715576172, 0.0009582042694091797, 0.0009562969207763672, 0.0008478164672851562, 0.0009915828704833984, 0.0011372566223144531, 0.0010225772857666016, 0.001346588134765625, 0.0010046958923339844, 0.001013040542602539, 0.0009908676147460938, 0.0008912086486816406, 0.0009489059448242188, 0.0010042190551757812, 0.0011191368103027344, 0.0009708404541015625, 0.0011682510375976562, 0.0009098052978515625, 0.0010039806365966797, 0.4468502998352051, 0.0009882450103759766, 0.0011813640594482422, 0.0009715557098388672, 0.0010335445404052734, 0.0012218952178955078, 0.7300684452056885, 0.0010592937469482422, 0.0009937286376953125, 0.3244917392730713, 0.0717780590057373, 0.340501070022583, 0.37879395484924316, 0.001085042953491211, 0.0011305809020996094, 0.0009613037109375, 0.30063414573669434, 0.0012862682342529297, 0.0010762214660644531, 0.0010416507720947266, 0.0009999275207519531, 0.0009672641754150391, 0.0009565353393554688, 0.0015380382537841797, 1.1705353260040283, 0.0009572505950927734], "comm_recv": [0.003499746322631836, 0.003490447998046875, 0.00419306755065918, 0.003531932830810547, 0.0037407875061035156, 0.003710508346557617, 0.004353046417236328, 0.0044231414794921875, 0.0040607452392578125, 0.0041882991790771484, 0.004350185394287109, 0.004313468933105469, 0.004183053970336914, 0.003752470016479492, 0.003686666488647461, 0.004239320755004883, 0.004418611526489258, 0.003541231155395508, 0.004006385803222656, 0.004530429840087891, 0.0049896240234375, 0.004480123519897461, 0.003659486770629883, 0.004069805145263672, 0.006117343902587891, 0.004194974899291992, 0.0054454803466796875, 0.003902435302734375, 0.003955364227294922, 0.003937721252441406, 0.003730297088623047, 0.0037086009979248047, 0.004273414611816406, 0.0034580230712890625, 0.0037126541137695312, 0.003857135772705078, 0.0035355091094970703, 0.004205465316772461, 0.0045680999755859375, 0.003709077835083008, 0.0032193660736083984, 0.0037500858306884766, 0.0041446685791015625, 0.004373311996459961, 0.0036041736602783203, 0.003913402557373047, 0.003765583038330078, 0.0038709640502929688, 0.002706289291381836, 0.0036504268646240234], "conv_send": [0.0301206111907959, 0.0073223114013671875, 0.007300853729248047, 0.0071048736572265625, 0.00713801383972168, 0.0072574615478515625, 0.006957530975341797, 0.007258176803588867, 0.006970882415771484, 0.007422447204589844, 0.00752711296081543, 0.007220745086669922, 0.007548332214355469, 0.006941556930541992, 0.006899356842041016, 0.007357120513916016, 0.006621599197387695, 0.006717205047607422, 0.0072019100189208984, 0.0074994564056396484, 0.007269859313964844, 0.007063627243041992, 0.0072901248931884766, 0.006914615631103516, 0.007138490676879883, 0.007299661636352539, 0.007477283477783203, 0.0067615509033203125, 0.007059574127197266, 0.006975650787353516, 0.007282257080078125, 0.007205486297607422, 0.007194995880126953, 0.007018566131591797, 0.007004737854003906, 0.007283926010131836, 0.007379055023193359, 0.0075893402099609375, 0.007979869842529297, 0.007103443145751953, 0.0070798397064208984, 0.009096145629882812, 0.007184505462646484, 0.00713038444519043, 0.007408618927001953, 0.0072176456451416016, 0.007269859313964844, 0.007357120513916016, 0.007022380828857422, 0.007064104080200195], "conv_recv": [0.0003399848937988281, 0.00033736228942871094, 0.0003552436828613281, 0.000324249267578125, 0.0003561973571777344, 0.00034689903259277344, 0.0003409385681152344, 0.0003573894500732422, 0.0004417896270751953, 0.0003466606140136719, 0.0004534721374511719, 0.0003502368927001953, 0.0004050731658935547, 0.00033736228942871094, 0.0003554821014404297, 0.0003495216369628906, 0.0003192424774169922, 0.00032210350036621094, 0.0004878044128417969, 0.0003795623779296875, 0.00036597251892089844, 0.00035691261291503906, 0.0003364086151123047, 0.0004010200500488281, 0.0003962516784667969, 0.00035834312438964844, 0.00035691261291503906, 0.0004436969757080078, 0.00034332275390625, 0.0003445148468017578, 0.0003666877746582031, 0.0003609657287597656, 0.00035309791564941406, 0.0003361701965332031, 0.00033664703369140625, 0.0003418922424316406, 0.00046372413635253906, 0.00037550926208496094, 0.00034999847412109375, 0.0003414154052734375, 0.0003352165222167969, 0.0003559589385986328, 0.0003838539123535156, 0.0003485679626464844, 0.00034427642822265625, 0.00036597251892089844, 0.0003552436828613281, 0.00040078163146972656, 0.0003705024719238281, 0.0003662109375], "epochs": [9.208876132965088, 5.373276233673096, 5.0010459423065186, 5.738682508468628, 5.366276264190674, 5.384213209152222, 5.0608460903167725, 5.362542152404785, 4.631068229675293, 5.3661322593688965, 6.062424182891846, 5.0569634437561035, 4.679666996002197, 5.4139063358306885, 4.7627623081207275, 5.083665370941162, 5.01226544380188, 5.1843039989471436, 5.0146870613098145, 5.471117973327637, 4.661847114562988, 5.431620359420776, 5.04077672958374, 4.6794281005859375, 5.219832897186279, 5.409077167510986, 5.056567907333374, 4.6885154247283936, 5.020156383514404, 4.979407548904419, 5.396460294723511, 5.36191725730896, 5.019318103790283, 5.257568359375, 5.454910755157471, 5.350948095321655, 5.434293746948242, 5.735535383224487, 5.40835165977478, 4.6164398193359375, 5.323103189468384, 5.102296352386475, 5.374828815460205, 5.022381067276001, 5.42922306060791, 4.749507427215576, 4.669470548629761, 5.74793004989624, 5.876962184906006, 5.356004238128662]}}