{"acc": [1.0], "mcc": [1.0], "f1": [1.0], "times": {"epochs": [2.335663318634033], "sync": [0.053865909576416016, 0.06026649475097656], "comm_send": [4.601478576660156e-05], "comm_recv": [1.721437931060791, 0.004412174224853516, 0.2473900318145752], "conv_send": [1.2159347534179688e-05], "conv_recv": [6.67572021484375e-05, 3.528594970703125e-05, 5.888938903808594e-05], "global_times": [2.395934820175171]}}