{"times": {"train": [1.713216781616211], "comm_send": [7.43865966796875e-05], "comm_recv": [0.6142261028289795], "conv_send": [0.004585981369018555], "conv_recv": [5.245208740234375e-06], "epochs": [2.332132339477539]}}