{"times": {"train": [15.076852083206177, 10.457338571548462, 9.858732223510742, 9.686180114746094, 9.142980098724365, 10.40416669845581, 11.034058094024658, 9.60140323638916, 8.802559852600098, 9.64367389678955, 9.5194571018219, 9.715971231460571, 9.617621660232544, 8.907536029815674, 9.766948461532593, 9.668043851852417, 11.273226737976074, 11.113426923751831, 9.639265298843384, 10.50057601928711, 8.834947109222412, 9.713383674621582, 9.602873802185059, 10.366538763046265, 9.748265981674194, 10.422203302383423, 9.761099576950073, 10.491708517074585, 11.078267574310303, 11.094593286514282, 9.673546552658081, 10.519737482070923, 9.664815902709961, 11.25155258178711, 10.504400968551636, 11.208638429641724, 8.7808096408844, 8.878440618515015, 8.87303352355957, 10.391936540603638, 10.357851266860962, 10.376446008682251, 9.64118766784668, 8.729314088821411, 8.856318712234497, 9.63855504989624, 9.609445571899414, 10.377561569213867, 9.656004428863525, 9.569015502929688], "comm_send": [0.0009534358978271484, 0.0008802413940429688, 0.0007386207580566406, 0.0008568763732910156, 0.0008938312530517578, 0.0007967948913574219, 0.000820159912109375, 0.0009922981262207031, 0.0012123584747314453, 0.0006649494171142578, 0.0008635520935058594, 0.00070953369140625, 0.0006585121154785156, 0.0007996559143066406, 0.0007903575897216797, 0.0008432865142822266, 0.0011012554168701172, 0.0009169578552246094, 0.0008502006530761719, 0.0008327960968017578, 0.0008983612060546875, 0.0008440017700195312, 0.0008940696716308594, 0.0007603168487548828, 0.0007305145263671875, 0.0008394718170166016, 0.0008940696716308594, 0.0007925033569335938, 0.0008704662322998047, 0.0009620189666748047, 0.0008287429809570312, 0.0007276535034179688, 0.0008165836334228516, 0.0008709430694580078, 0.0008547306060791016, 0.0007262229919433594, 0.0009095668792724609, 0.0009057521820068359, 0.0009808540344238281, 0.0008513927459716797, 0.0008101463317871094, 0.0007665157318115234, 0.0007812976837158203, 0.0008640289306640625, 0.0008494853973388672, 0.00078582763671875, 0.0006887912750244141, 0.0008704662322998047, 0.0007975101470947266, 0.00086212158203125], "comm_recv": [0.007423877716064453, 1.3831489086151123, 0.0032966136932373047, 1.55330491065979, 1.2392823696136475, 0.062119245529174805, 0.0032901763916015625, 2.427342653274536, 1.5842785835266113, 0.7909231185913086, 0.8696334362030029, 0.6772148609161377, 1.4239261150360107, 0.7577505111694336, 1.439903974533081, 0.7165379524230957, 0.0036754608154296875, 0.0033342838287353516, 0.6796145439147949, 0.003350496292114258, 2.3677752017974854, 1.4852447509765625, 2.3962957859039307, 0.12221384048461914, 0.6785845756530762, 0.6812398433685303, 0.6797165870666504, 0.7266743183135986, 0.0034875869750976562, 0.003999471664428711, 0.643946647644043, 0.0032918453216552734, 0.7660036087036133, 0.003922700881958008, 0.11139941215515137, 0.003740072250366211, 1.4050557613372803, 0.7664730548858643, 1.4274120330810547, 0.07035374641418457, 0.008014917373657227, 0.0031855106353759766, 0.625382661819458, 2.3889963626861572, 0.8268096446990967, 0.0031375885009765625, 0.7922158241271973, 0.012207984924316406, 0.010111808776855469, 0.7456674575805664], "conv_send": [0.025495052337646484, 0.00690460205078125, 0.006823539733886719, 0.006415367126464844, 0.006622314453125, 0.006490468978881836, 0.006374835968017578, 0.00646519660949707, 0.006546735763549805, 0.006287097930908203, 0.006468296051025391, 0.006397724151611328, 0.006597757339477539, 0.006502628326416016, 0.0064449310302734375, 0.006394386291503906, 0.0072209835052490234, 0.0064661502838134766, 0.006853342056274414, 0.006423234939575195, 0.0067291259765625, 0.0070836544036865234, 0.006551027297973633, 0.006444454193115234, 0.00634455680847168, 0.006425142288208008, 0.006865262985229492, 0.006392478942871094, 0.006485700607299805, 0.006362199783325195, 0.006922721862792969, 0.006835460662841797, 0.006333351135253906, 0.0068662166595458984, 0.006768465042114258, 0.006860494613647461, 0.006585359573364258, 0.006699562072753906, 0.00643157958984375, 0.006379604339599609, 0.00627899169921875, 0.006345987319946289, 0.0064394474029541016, 0.006486415863037109, 0.0064084529876708984, 0.00641632080078125, 0.006341457366943359, 0.006289958953857422, 0.006323337554931641, 0.0064182281494140625], "conv_recv": [0.00029397010803222656, 0.0002968311309814453, 0.00028395652770996094, 0.00028967857360839844, 0.00033855438232421875, 0.0002467632293701172, 0.00023102760314941406, 0.0002961158752441406, 0.0003707408905029297, 0.00029158592224121094, 0.0002932548522949219, 0.0003807544708251953, 0.0002925395965576172, 0.0002923011779785156, 0.00029349327087402344, 0.00030040740966796875, 0.00031375885009765625, 0.00023865699768066406, 0.000301361083984375, 0.00023865699768066406, 0.0003032684326171875, 0.0002994537353515625, 0.0003571510314941406, 0.00028705596923828125, 0.00029730796813964844, 0.00030684471130371094, 0.0002880096435546875, 0.00037980079650878906, 0.00022912025451660156, 0.0002589225769042969, 0.00033545494079589844, 0.00022983551025390625, 0.00028896331787109375, 0.0002739429473876953, 0.00032973289489746094, 0.00023508071899414062, 0.0002944469451904297, 0.0002923011779785156, 0.00029754638671875, 0.0002579689025878906, 0.00022459030151367188, 0.0002243518829345703, 0.00028777122497558594, 0.0004496574401855469, 0.00029158592224121094, 0.00028061866760253906, 0.0002796649932861328, 0.00023627281188964844, 0.00023412704467773438, 0.0002865791320800781], "epochs": [15.120489120483398, 11.857882022857666, 9.879124879837036, 11.256319999694824, 10.399372339248657, 10.483226537704468, 11.053638458251953, 12.045812129974365, 10.40437126159668, 10.451077222824097, 10.406238317489624, 10.409942388534546, 11.058357954025269, 9.682244777679443, 11.223811864852905, 10.401382684707642, 11.29480504989624, 11.133355855941772, 10.336247205734253, 10.520451545715332, 11.220001697540283, 11.21632194519043, 12.016388416290283, 10.50551724433899, 10.443558931350708, 11.120367050170898, 10.458067178726196, 11.236796617507935, 11.098202466964722, 11.11507248878479, 10.334968566894531, 10.539788961410522, 10.447519302368164, 11.272464036941528, 10.632762908935547, 11.229053020477295, 10.202893495559692, 9.661977529525757, 10.317463636398315, 10.478749752044678, 10.38215947151184, 10.395859718322754, 10.2832932472229, 11.135313034057617, 9.699843406677246, 9.658082962036133, 10.418147563934326, 10.406046152114868, 9.682368278503418, 10.331424236297607]}}