{"times": {"train": [1.9667041301727295], "comm_send": [4.482269287109375e-05], "comm_recv": [0.36220574378967285], "conv_send": [0.0031652450561523438], "conv_recv": [7.152557373046875e-06], "epochs": [2.3321497440338135]}}