{"times": {"train": [13.651041269302368, 9.6128568649292, 8.738786220550537, 9.63779067993164, 10.419004440307617, 11.238240718841553, 11.26531720161438, 9.554297685623169, 10.401715755462646, 8.740756034851074, 10.464343786239624, 9.665746212005615, 8.791913747787476, 8.861788034439087, 8.746932744979858, 8.840784311294556, 9.61454176902771, 9.583381652832031, 10.402439594268799, 9.613717555999756, 8.825459003448486, 10.442879438400269, 8.71528935432434, 9.675897359848022, 8.912020206451416, 10.354464530944824, 9.680396318435669, 11.236219882965088, 10.432989835739136, 9.656452655792236, 10.433258295059204, 9.599870920181274, 8.923240900039673, 9.567875146865845, 10.321707963943481, 9.561097145080566, 9.655948162078857, 10.419349908828735, 10.350082874298096, 9.699151515960693, 8.850448846817017, 9.523504972457886, 10.43961501121521, 9.660625457763672, 9.6215980052948, 8.881150722503662, 8.893992185592651, 8.745633363723755, 9.644331455230713, 9.643649101257324], "comm_send": [0.0009894371032714844, 0.0010018348693847656, 0.0008704662322998047, 0.0008084774017333984, 0.0009205341339111328, 0.0009434223175048828, 0.0020029544830322266, 0.0009081363677978516, 0.0008344650268554688, 0.0014598369598388672, 0.0009503364562988281, 0.001047372817993164, 0.0008313655853271484, 0.0009186267852783203, 0.0007827281951904297, 0.0008878707885742188, 0.16130971908569336, 1.177238941192627, 0.3509519100189209, 0.7071962356567383, 0.6332435607910156, 0.0008478164672851562, 1.6437158584594727, 0.005673646926879883, 0.3695335388183594, 0.6296501159667969, 0.1438305377960205, 0.0009150505065917969, 0.0008661746978759766, 0.0008275508880615234, 0.0009381771087646484, 0.0008490085601806641, 0.0008680820465087891, 0.0009539127349853516, 0.000823974609375, 0.0008835792541503906, 0.0011510848999023438, 0.0008909702301025391, 0.0008513927459716797, 0.0008540153503417969, 0.0007381439208984375, 0.0008614063262939453, 0.0010139942169189453, 0.0009164810180664062, 0.0009605884552001953, 0.0008783340454101562, 0.0008738040924072266, 0.0009951591491699219, 0.0009763240814208984, 0.0009090900421142578], "comm_recv": [0.0033233165740966797, 0.003573894500732422, 0.0034220218658447266, 0.003264904022216797, 0.0037276744842529297, 0.005037784576416016, 0.005469322204589844, 0.0036962032318115234, 0.005412101745605469, 0.0039098262786865234, 0.004811763763427734, 0.003550291061401367, 0.0035250186920166016, 0.003614664077758789, 0.0034644603729248047, 0.0035440921783447266, 0.0027801990509033203, 0.0049169063568115234, 0.003422260284423828, 0.0043332576751708984, 0.0038504600524902344, 0.003509998321533203, 0.002933025360107422, 0.004492759704589844, 0.0038979053497314453, 0.0036199092864990234, 0.005356311798095703, 0.00339508056640625, 0.003572702407836914, 0.003421306610107422, 0.004447221755981445, 0.003523588180541992, 0.003725767135620117, 0.003410816192626953, 0.005918264389038086, 0.0036306381225585938, 0.0038580894470214844, 0.003415822982788086, 0.003742694854736328, 0.0034830570220947266, 0.0039348602294921875, 0.003431558609008789, 0.004045724868774414, 0.0035696029663085938, 0.003520965576171875, 0.0034389495849609375, 0.003545045852661133, 0.004118680953979492, 0.003431081771850586, 0.0037238597869873047], "conv_send": [0.02662062644958496, 0.006390571594238281, 0.006318330764770508, 0.006583690643310547, 0.006825685501098633, 0.007085084915161133, 0.006879091262817383, 0.006887912750244141, 0.006525993347167969, 0.006531476974487305, 0.006561994552612305, 0.006773948669433594, 0.00634312629699707, 0.006512641906738281, 0.006612062454223633, 0.006502866744995117, 0.006881237030029297, 0.006323099136352539, 0.006535053253173828, 0.006440162658691406, 0.006567478179931641, 0.0064754486083984375, 0.006606340408325195, 0.007508754730224609, 0.006598711013793945, 0.006661176681518555, 0.006888866424560547, 0.00693202018737793, 0.006859779357910156, 0.006863594055175781, 0.006542682647705078, 0.006356477737426758, 0.006413698196411133, 0.006874799728393555, 0.006440401077270508, 0.006517171859741211, 0.00658106803894043, 0.0066280364990234375, 0.006550312042236328, 0.00635218620300293, 0.006566524505615234, 0.006378173828125, 0.0069866180419921875, 0.006945610046386719, 0.006603240966796875, 0.00640869140625, 0.0063474178314208984, 0.006524801254272461, 0.006512165069580078, 0.006893634796142578], "conv_recv": [0.000263214111328125, 0.0002636909484863281, 0.0002613067626953125, 0.00028061866760253906, 0.00026226043701171875, 0.0002865791320800781, 0.0002987384796142578, 0.0002803802490234375, 0.0002999305725097656, 0.00028395652770996094, 0.0002892017364501953, 0.00035858154296875, 0.0002446174621582031, 0.00029754638671875, 0.0002815723419189453, 0.00027680397033691406, 0.00031113624572753906, 0.00031280517578125, 0.0003566741943359375, 0.00034618377685546875, 0.0003178119659423828, 0.00026297569274902344, 0.0003147125244140625, 0.0005800724029541016, 0.00031280517578125, 0.0003113746643066406, 0.0003180503845214844, 0.0002791881561279297, 0.0002703666687011719, 0.00029921531677246094, 0.00028443336486816406, 0.0002627372741699219, 0.00026345252990722656, 0.0002715587615966797, 0.00033974647521972656, 0.0002961158752441406, 0.0004551410675048828, 0.00029015541076660156, 0.0002894401550292969, 0.000274658203125, 0.0002770423889160156, 0.00027489662170410156, 0.0002732276916503906, 0.0002739429473876953, 0.00028133392333984375, 0.00027108192443847656, 0.0002624988555908203, 0.00029349327087402344, 0.00029850006103515625, 0.0002944469451904297], "epochs": [13.697602272033691, 9.63906741142273, 8.764437913894653, 9.66399359703064, 10.445620059967041, 11.267275094985962, 11.29560112953186, 9.581546783447266, 10.43055248260498, 8.768271207809448, 10.492294073104858, 9.693015813827515, 8.817506551742554, 8.888486623764038, 8.773216247558594, 8.867293357849121, 9.801126956939697, 10.787413358688354, 10.779011011123657, 10.34713625907898, 9.485021829605103, 10.468930721282959, 10.384109020233154, 9.710851192474365, 9.3076012134552, 11.009862899780273, 9.851977348327637, 11.263126134872437, 10.459855794906616, 9.68307089805603, 10.460798740386963, 9.625802040100098, 8.949324607849121, 9.594751596450806, 10.350234270095825, 9.587742328643799, 9.683223962783813, 10.44583010673523, 10.376692056655884, 9.725008964538574, 8.877196550369263, 9.5493483543396, 10.4669349193573, 9.687337875366211, 9.648167371749878, 8.906994581222534, 8.919736862182617, 8.773045301437378, 9.670602321624756, 9.670802593231201]}}