{"times": {"train": [13.309709787368774, 10.330524206161499, 9.431960582733154, 9.516366004943848, 10.302656412124634, 10.292522430419922, 9.542483806610107, 10.361304521560669, 8.75180196762085, 10.308354377746582, 8.707433700561523, 8.7157883644104, 10.419018507003784, 9.594696998596191, 10.419915199279785, 10.32246470451355, 8.676856756210327, 8.728934049606323, 8.752910137176514, 9.620946884155273, 10.456931829452515, 11.199740886688232, 9.640671968460083, 9.570160627365112, 9.569210767745972, 10.407954454421997, 8.921112775802612, 8.870448350906372, 8.851436376571655, 9.638524770736694, 10.40121579170227, 9.694294691085815, 9.6199631690979, 9.606130123138428, 10.407644987106323, 9.620712280273438, 9.015838861465454, 8.74944257736206, 11.210536241531372, 9.466638326644897, 9.589218616485596, 9.63953971862793, 11.231942415237427, 9.56645393371582, 11.168946266174316, 8.834072589874268, 10.32871699333191, 9.538771867752075, 9.5750892162323, 10.358162879943848], "comm_send": [0.00093841552734375, 0.0008072853088378906, 0.001390695571899414, 0.0008544921875, 0.0008294582366943359, 0.0008485317230224609, 0.0007994174957275391, 0.0008497238159179688, 0.0009379386901855469, 0.0007832050323486328, 0.0008935928344726562, 0.0008244514465332031, 0.0008215904235839844, 0.0008106231689453125, 0.0008356571197509766, 0.0010273456573486328, 0.0008606910705566406, 1.4661884307861328, 2.000635862350464, 0.6939318180084229, 0.0009369850158691406, 0.0008215904235839844, 0.0009431838989257812, 0.0009200572967529297, 0.0008778572082519531, 0.0008647441864013672, 0.270871639251709, 1.4135570526123047, 0.0009164810180664062, 0.0008456707000732422, 0.0008544921875, 0.0008752346038818359, 0.0008683204650878906, 0.0009131431579589844, 0.0008692741394042969, 0.0008890628814697266, 0.0009176731109619141, 0.0008511543273925781, 0.0010135173797607422, 0.0011303424835205078, 0.0009291172027587891, 0.0008857250213623047, 0.0009076595306396484, 0.0008783340454101562, 0.0010099411010742188, 0.0009534358978271484, 0.0008323192596435547, 0.0010526180267333984, 0.0006985664367675781, 0.0007963180541992188], "comm_recv": [0.0034224987030029297, 0.0032606124877929688, 0.003151416778564453, 0.00324249267578125, 0.003469228744506836, 0.003905773162841797, 0.0032777786254882812, 0.003084421157836914, 0.003304004669189453, 0.0032486915588378906, 0.0033257007598876953, 0.003414630889892578, 0.0036721229553222656, 0.003473520278930664, 0.0031769275665283203, 0.0032711029052734375, 0.0036661624908447266, 0.0035636425018310547, 0.003295421600341797, 0.0039055347442626953, 0.00341796875, 0.0033745765686035156, 0.0037012100219726562, 0.003520488739013672, 0.0035529136657714844, 0.0037114620208740234, 0.003512144088745117, 0.0033452510833740234, 0.0036458969116210938, 0.003564596176147461, 0.005093574523925781, 0.0033202171325683594, 0.003410816192626953, 0.0034089088439941406, 0.003421783447265625, 0.003393888473510742, 0.0037384033203125, 0.0038127899169921875, 0.003902435302734375, 0.0034830570220947266, 0.0035371780395507812, 0.004832267761230469, 0.0033273696899414062, 0.003634929656982422, 0.003871917724609375, 0.003477811813354492, 0.0035295486450195312, 0.003367185592651367, 0.0035810470581054688, 0.0030133724212646484], "conv_send": [0.025858163833618164, 0.006009578704833984, 0.0065691471099853516, 0.006334781646728516, 0.006673574447631836, 0.006137371063232422, 0.006182670593261719, 0.006089925765991211, 0.007636547088623047, 0.006231546401977539, 0.006358146667480469, 0.006331205368041992, 0.006266117095947266, 0.006384611129760742, 0.006184816360473633, 0.006425142288208008, 0.006406068801879883, 0.006200313568115234, 0.006478786468505859, 0.00617527961730957, 0.006716012954711914, 0.0068056583404541016, 0.006346225738525391, 0.0062711238861083984, 0.006300449371337891, 0.006647348403930664, 0.006186008453369141, 0.006536006927490234, 0.0062787532806396484, 0.006670236587524414, 0.0062596797943115234, 0.0066335201263427734, 0.00632929801940918, 0.006337881088256836, 0.006741762161254883, 0.006609678268432617, 0.006410360336303711, 0.006245613098144531, 0.0067768096923828125, 0.006425142288208008, 0.00684666633605957, 0.006422281265258789, 0.006813526153564453, 0.006397247314453125, 0.006997108459472656, 0.006670475006103516, 0.006384134292602539, 0.006357908248901367, 0.006400346755981445, 0.006694316864013672], "conv_recv": [0.00026488304138183594, 0.00024628639221191406, 0.00031948089599609375, 0.0002970695495605469, 0.0002899169921875, 0.0002608299255371094, 0.0002582073211669922, 0.00026988983154296875, 0.0003085136413574219, 0.0002560615539550781, 0.0002751350402832031, 0.00027179718017578125, 0.00028896331787109375, 0.00027489662170410156, 0.00026226043701171875, 0.0003352165222167969, 0.0002732276916503906, 0.000316619873046875, 0.000377655029296875, 0.0003795623779296875, 0.00027561187744140625, 0.0002808570861816406, 0.00028014183044433594, 0.00034117698669433594, 0.0002789497375488281, 0.00027871131896972656, 0.0003230571746826172, 0.0004508495330810547, 0.0004012584686279297, 0.000293731689453125, 0.0002949237823486328, 0.0002663135528564453, 0.00028324127197265625, 0.00028252601623535156, 0.00028777122497558594, 0.0005168914794921875, 0.0002911090850830078, 0.00024628639221191406, 0.0002899169921875, 0.0004525184631347656, 0.00030112266540527344, 0.0003058910369873047, 0.00028204917907714844, 0.0002837181091308594, 0.000293731689453125, 0.0003814697265625, 0.0002818107604980469, 0.00028634071350097656, 0.0002772808074951172, 0.0002655982971191406], "epochs": [13.35505723953247, 10.35490369796753, 9.458553314208984, 9.541872501373291, 10.328638792037964, 10.318063497543335, 9.567265033721924, 10.385886669158936, 8.77874755859375, 10.333171606063843, 8.733034133911133, 8.741271018981934, 10.444833993911743, 9.620458364486694, 10.444840908050537, 10.348262786865234, 8.702894449234009, 10.219979524612427, 10.778499603271484, 10.339956998825073, 10.483115196228027, 11.225243330001831, 9.666864395141602, 9.596038818359375, 9.594968557357788, 10.434326648712158, 9.216792583465576, 10.309197425842285, 8.877607345581055, 9.664724349975586, 10.428582429885864, 9.719866037368774, 9.645832777023315, 9.631970405578613, 10.434085845947266, 9.646666049957275, 9.0421142578125, 8.775006771087646, 11.237518072128296, 9.493185997009277, 9.616228342056274, 9.666826725006104, 11.258102655410767, 9.592591047286987, 11.196141481399536, 8.860737323760986, 10.354694604873657, 9.564648151397705, 9.600665807723999, 10.383541107177734]}}