{"times": {"train": [12.79055404663086, 8.791901350021362, 10.471337080001831, 9.638127565383911, 9.499340772628784, 10.41472053527832, 10.380804777145386, 9.698880910873413, 9.5718412399292, 10.411094188690186, 8.776163816452026, 9.655187368392944, 9.673805475234985, 9.645806074142456, 9.469648361206055, 9.65599799156189, 9.507052659988403, 8.721502780914307, 9.569761514663696, 9.594531297683716, 9.661498069763184, 9.565508365631104, 10.365588665008545, 9.61303162574768, 9.687595129013062, 10.41456127166748, 10.446660995483398, 9.631454944610596, 9.589313507080078, 9.6244056224823, 9.724063634872437, 9.768893957138062, 10.459791421890259, 10.526102066040039, 10.363214492797852, 9.586557626724243, 9.650524854660034, 11.208824634552002, 9.518287420272827, 9.623759984970093, 8.780223608016968, 9.60388970375061, 9.58061671257019, 8.775862455368042, 8.691827058792114, 9.628480195999146, 11.124915838241577, 9.483957052230835, 10.429551362991333, 10.350409984588623], "comm_send": [0.0008838176727294922, 0.0009224414825439453, 0.0008733272552490234, 0.00083160400390625, 0.0009706020355224609, 0.0009179115295410156, 0.0008747577667236328, 0.0008947849273681641, 0.0009670257568359375, 0.000850677490234375, 0.0008032321929931641, 0.0009322166442871094, 0.0008323192596435547, 0.0008246898651123047, 0.0009207725524902344, 0.0008785724639892578, 0.3618459701538086, 2.044588565826416, 1.1838963031768799, 0.7247018814086914, 0.0008862018585205078, 0.36626672744750977, 0.29594922065734863, 0.0008683204650878906, 0.0008809566497802734, 0.23850703239440918, 0.0009083747863769531, 0.018804311752319336, 0.0009026527404785156, 0.0008802413940429688, 0.0008552074432373047, 0.0008938312530517578, 0.0008387565612792969, 0.0008103847503662109, 0.0008556842803955078, 0.0008823871612548828, 0.0008590221405029297, 0.0008995532989501953, 0.0009179115295410156, 0.0008707046508789062, 0.0008585453033447266, 0.0008187294006347656, 0.0008115768432617188, 0.0007829666137695312, 0.0009870529174804688, 0.0010263919830322266, 0.0008914470672607422, 0.0009131431579589844, 0.0008642673492431641, 0.0008220672607421875], "comm_recv": [0.00313568115234375, 0.0036652088165283203, 0.00414729118347168, 0.003132343292236328, 0.004859447479248047, 0.0041961669921875, 0.004846096038818359, 0.003095865249633789, 0.0035719871520996094, 0.003595590591430664, 0.0032737255096435547, 0.003470897674560547, 0.0032804012298583984, 0.008146524429321289, 0.0033597946166992188, 0.003537893295288086, 0.0028464794158935547, 0.0033414363861083984, 0.003196239471435547, 0.003550291061401367, 0.003409862518310547, 0.003284454345703125, 0.0034453868865966797, 0.004511117935180664, 0.0036563873291015625, 0.002873659133911133, 0.004102945327758789, 0.0036394596099853516, 0.0038123130798339844, 0.0034377574920654297, 0.0034532546997070312, 0.0033407211303710938, 0.003499746322631836, 0.0035271644592285156, 0.003423452377319336, 0.0033359527587890625, 0.003561258316040039, 0.0036008358001708984, 0.0033206939697265625, 0.003407716751098633, 0.0033257007598876953, 0.003487110137939453, 0.0033512115478515625, 0.003415346145629883, 0.003542661666870117, 0.0034477710723876953, 0.0035772323608398438, 0.004061698913574219, 0.003593921661376953, 0.003345489501953125], "conv_send": [0.025506973266601562, 0.00651097297668457, 0.007093667984008789, 0.006360054016113281, 0.006552457809448242, 0.006942272186279297, 0.0064678192138671875, 0.006498575210571289, 0.006860017776489258, 0.006849527359008789, 0.006519317626953125, 0.00641322135925293, 0.006310462951660156, 0.006653785705566406, 0.00673365592956543, 0.006906747817993164, 0.006380796432495117, 0.006574153900146484, 0.006278038024902344, 0.006379365921020508, 0.0063991546630859375, 0.006719112396240234, 0.006737470626831055, 0.00696253776550293, 0.00640559196472168, 0.007512569427490234, 0.006576061248779297, 0.006693124771118164, 0.006600141525268555, 0.006605863571166992, 0.006528615951538086, 0.0068819522857666016, 0.006680488586425781, 0.006646871566772461, 0.006955623626708984, 0.006598472595214844, 0.006744384765625, 0.007170677185058594, 0.006605863571166992, 0.007174968719482422, 0.006760120391845703, 0.006418943405151367, 0.006520271301269531, 0.006722211837768555, 0.0070705413818359375, 0.006615638732910156, 0.007012128829956055, 0.006593465805053711, 0.006495952606201172, 0.006324291229248047], "conv_recv": [0.0002434253692626953, 0.00029087066650390625, 0.0003180503845214844, 0.0002675056457519531, 0.00028586387634277344, 0.0002789497375488281, 0.00028061866760253906, 0.0002722740173339844, 0.00029540061950683594, 0.000286102294921875, 0.00028634071350097656, 0.00028252601623535156, 0.0002713203430175781, 0.00030541419982910156, 0.0002994537353515625, 0.00032329559326171875, 0.0003116130828857422, 0.00031256675720214844, 0.00030875205993652344, 0.0003063678741455078, 0.0002734661102294922, 0.000362396240234375, 0.0003361701965332031, 0.0003578662872314453, 0.0003006458282470703, 0.0003147125244140625, 0.0002956390380859375, 0.0004737377166748047, 0.0003077983856201172, 0.0002944469451904297, 0.0004010200500488281, 0.0003204345703125, 0.00031304359436035156, 0.00034356117248535156, 0.00030231475830078125, 0.00029468536376953125, 0.0002989768981933594, 0.00030612945556640625, 0.0003001689910888672, 0.00030231475830078125, 0.0002911090850830078, 0.00033092498779296875, 0.0002796649932861328, 0.0003058910369873047, 0.0004143714904785156, 0.0002999305725097656, 0.0002923011779785156, 0.00031828880310058594, 0.0002803802490234375, 0.00025844573974609375], "epochs": [12.835303544998169, 8.818719387054443, 10.49893569946289, 9.664110660552979, 9.527426481246948, 10.442508459091187, 10.408315896987915, 9.724822998046875, 9.598738670349121, 10.437943696975708, 8.802390575408936, 9.681467533111572, 9.699207544326782, 9.677032232284546, 9.496288776397705, 9.682809829711914, 9.893545389175415, 10.791576147079468, 10.778439283370972, 10.344315528869629, 9.687214612960815, 9.95757794380188, 10.6871976852417, 9.64111852645874, 9.713862419128418, 10.678803443908691, 10.473925828933716, 9.676340103149414, 9.616154670715332, 9.650853395462036, 9.75032663345337, 9.795717477798462, 10.48658561706543, 10.552592992782593, 10.390187501907349, 9.61295747756958, 9.6774423122406, 11.2361900806427, 9.544808864593506, 9.650861501693726, 8.806636571884155, 9.629850625991821, 9.60660696029663, 8.802568197250366, 8.71931266784668, 9.655259132385254, 11.151841402053833, 9.511442184448242, 10.455847263336182, 10.375928163528442]}}