{"times": {"train": [14.230074167251587, 9.64834976196289, 10.408883810043335, 8.731360673904419, 11.189700603485107, 8.697426557540894, 10.379129648208618, 10.412212133407593, 9.567684888839722, 12.06908893585205, 9.617809772491455, 8.786341667175293, 11.199544668197632, 8.829529285430908, 10.469923496246338, 10.470775604248047, 11.15075945854187, 10.362444639205933, 10.33514142036438, 9.405107259750366, 10.442617893218994, 10.395678758621216, 9.58484935760498, 9.56264352798462, 11.183377742767334, 9.59095287322998, 10.360697269439697, 8.667305707931519, 9.59052586555481, 9.560076713562012, 8.816638231277466, 9.517901182174683, 10.433385133743286, 9.694408416748047, 9.49036192893982, 9.620235919952393, 9.5235755443573, 9.585268020629883, 9.582830429077148, 8.762538194656372, 9.56272006034851, 10.385520935058594, 9.629318475723267, 10.49974536895752, 11.1973295211792, 9.598166942596436, 9.526999235153198, 9.4815673828125, 9.565795421600342, 9.493469476699829], "comm_send": [0.0008895397186279297, 0.0011005401611328125, 0.0009059906005859375, 0.0009944438934326172, 0.0009136199951171875, 0.0008902549743652344, 0.0008785724639892578, 0.0008716583251953125, 0.0008950233459472656, 0.0010800361633300781, 0.0008685588836669922, 0.0008690357208251953, 0.0008702278137207031, 0.0009205341339111328, 0.0008056163787841797, 0.0009493827819824219, 0.0008616447448730469, 0.0009796619415283203, 0.0009222030639648438, 0.0007636547088623047, 0.0010480880737304688, 0.0009491443634033203, 0.0009713172912597656, 0.0008890628814697266, 0.0009186267852783203, 0.0009467601776123047, 0.000949859619140625, 0.0009582042694091797, 0.0008666515350341797, 0.0009593963623046875, 0.0008549690246582031, 0.0008788108825683594, 0.0009233951568603516, 0.0012259483337402344, 0.0008921623229980469, 0.0008881092071533203, 0.0009088516235351562, 0.0008046627044677734, 0.0008392333984375, 0.0009737014770507812, 0.0009069442749023438, 0.0009241104125976562, 0.0008485317230224609, 0.0008335113525390625, 0.0008635520935058594, 0.001033782958984375, 0.0008714199066162109, 0.0009028911590576172, 0.001041412353515625, 0.00086212158203125], "comm_recv": [0.0034182071685791016, 0.0029807090759277344, 0.0031943321228027344, 0.005158901214599609, 0.007106304168701172, 0.003162860870361328, 0.0032417774200439453, 0.0031890869140625, 0.0037343502044677734, 0.005028724670410156, 0.0034303665161132812, 0.0035543441772460938, 0.0036153793334960938, 0.003498077392578125, 0.003226041793823242, 0.0034754276275634766, 0.0037317276000976562, 0.003618001937866211, 0.0036144256591796875, 0.0034401416778564453, 0.003431081771850586, 0.0033998489379882812, 0.0036139488220214844, 0.003465414047241211, 0.0037899017333984375, 0.0036275386810302734, 0.003490447998046875, 0.003419160842895508, 0.003981828689575195, 0.0033469200134277344, 0.0034248828887939453, 0.0033278465270996094, 0.0033876895904541016, 0.0034189224243164062, 0.0034606456756591797, 0.0033416748046875, 0.0034656524658203125, 0.0032470226287841797, 0.0032362937927246094, 0.0034112930297851562, 0.0038797855377197266, 0.004004478454589844, 0.003513336181640625, 0.003663778305053711, 0.0034508705139160156, 0.003468751907348633, 0.0035889148712158203, 0.0034928321838378906, 0.003626108169555664, 0.004289388656616211], "conv_send": [0.027001380920410156, 0.006677389144897461, 0.0062901973724365234, 0.00654911994934082, 0.006780862808227539, 0.006321430206298828, 0.007018327713012695, 0.006638765335083008, 0.006372213363647461, 0.006782054901123047, 0.006494283676147461, 0.0063288211822509766, 0.007025957107543945, 0.006391763687133789, 0.006457805633544922, 0.006482362747192383, 0.0065424442291259766, 0.006364107131958008, 0.006412029266357422, 0.006222248077392578, 0.006406068801879883, 0.0066487789154052734, 0.0064699649810791016, 0.00649261474609375, 0.006745815277099609, 0.0064716339111328125, 0.007163047790527344, 0.006348371505737305, 0.006423234939575195, 0.006674528121948242, 0.006452798843383789, 0.006503105163574219, 0.0068018436431884766, 0.006633758544921875, 0.0064356327056884766, 0.006469011306762695, 0.00673985481262207, 0.006288290023803711, 0.006312847137451172, 0.006443977355957031, 0.0064678192138671875, 0.00649261474609375, 0.006903648376464844, 0.006467580795288086, 0.006787776947021484, 0.0064504146575927734, 0.006497859954833984, 0.0064389705657958984, 0.006651639938354492, 0.006273746490478516], "conv_recv": [0.0002734661102294922, 0.0002675056457519531, 0.0002758502960205078, 0.00031828880310058594, 0.0002892017364501953, 0.000274658203125, 0.0002944469451904297, 0.0002605915069580078, 0.0002818107604980469, 0.0003800392150878906, 0.0002880096435546875, 0.0002799034118652344, 0.00029921531677246094, 0.0002944469451904297, 0.00028705596923828125, 0.0002930164337158203, 0.00029349327087402344, 0.00038552284240722656, 0.0002849102020263672, 0.00025391578674316406, 0.00030303001403808594, 0.00031828880310058594, 0.000301361083984375, 0.0003294944763183594, 0.00032401084899902344, 0.00028777122497558594, 0.00030612945556640625, 0.0002875328063964844, 0.0002865791320800781, 0.00028061866760253906, 0.0002925395965576172, 0.00029158592224121094, 0.0002837181091308594, 0.0003032684326171875, 0.00028443336486816406, 0.00027632713317871094, 0.000324249267578125, 0.0002617835998535156, 0.00025844573974609375, 0.0002911090850830078, 0.00030612945556640625, 0.00028896331787109375, 0.0002732276916503906, 0.0002846717834472656, 0.0002827644348144531, 0.00026154518127441406, 0.0002796649932861328, 0.00028586387634277344, 0.0002989768981933594, 0.0002498626708984375], "epochs": [14.276905298233032, 9.674098014831543, 10.434343814849854, 8.759533405303955, 11.219606399536133, 8.722761154174805, 10.40577483177185, 10.43772268295288, 9.594089984893799, 12.097391128540039, 9.644267082214355, 8.812224388122559, 11.22662901878357, 8.855737209320068, 10.495681285858154, 10.497013092041016, 11.177406549453735, 10.388778686523438, 10.361399412155151, 9.430121660232544, 10.468725204467773, 10.422090768814087, 9.611278772354126, 9.588829755783081, 11.210213661193848, 9.617333889007568, 10.388091325759888, 8.693386554718018, 9.617450714111328, 9.586319208145142, 8.842740774154663, 9.543951988220215, 10.45997405052185, 9.721075057983398, 9.516661643981934, 9.646246671676636, 9.54975700378418, 9.610892534255981, 9.608351707458496, 8.788504123687744, 9.589543342590332, 10.412468671798706, 9.656067848205566, 10.526201725006104, 11.224008083343506, 9.624115943908691, 9.553431987762451, 9.508235692977905, 9.592715501785278, 9.519620656967163]}}