{"times": {"train": [9.16846489906311, 5.501075983047485, 5.24781608581543, 5.189881324768066, 5.15235447883606, 5.501052379608154, 5.1646974086761475, 5.047439098358154, 5.45623254776001, 5.50501012802124, 5.791544437408447, 5.624405384063721, 4.900871276855469, 4.862100839614868, 5.495158672332764, 5.5176331996917725, 5.504347085952759, 5.827759504318237, 5.202055215835571, 5.473518371582031, 5.179945945739746, 5.171873569488525, 5.588203430175781, 4.817357778549194, 5.483929634094238, 5.160647630691528, 5.174587249755859, 5.195319652557373, 5.489239454269409, 5.198834657669067, 5.209312438964844, 5.065876483917236, 5.193828582763672, 5.542938232421875, 4.895399570465088, 5.788185358047485, 4.9009881019592285, 5.587373495101929, 5.184070110321045, 4.9235920906066895, 5.145720958709717, 5.4680516719818115, 4.8985254764556885, 5.774444818496704, 4.872696399688721, 5.172322034835815, 5.470314979553223, 5.240152597427368, 4.921584367752075, 5.175593376159668], "comm_send": [0.0009381771087646484, 0.0009224414825439453, 0.0010063648223876953, 0.0010633468627929688, 0.0011467933654785156, 0.0009632110595703125, 0.001001596450805664, 0.000812530517578125, 0.0010161399841308594, 0.000965118408203125, 0.0008895397186279297, 0.0010039806365966797, 0.0008714199066162109, 0.0008809566497802734, 0.0009202957153320312, 0.00096893310546875, 0.0009968280792236328, 0.001028299331665039, 0.0010907649993896484, 0.0009021759033203125, 0.0010209083557128906, 0.0009844303131103516, 0.0009713172912597656, 0.0009088516235351562, 0.0009205341339111328, 0.0008292198181152344, 0.001196146011352539, 0.0009429454803466797, 0.0011103153228759766, 0.0009181499481201172, 0.0009489059448242188, 0.0009143352508544922, 0.001012563705444336, 0.0010180473327636719, 0.000986337661743164, 0.0008821487426757812, 0.0009922981262207031, 0.0009601116180419922, 0.001096487045288086, 0.0009343624114990234, 0.0010037422180175781, 0.0012030601501464844, 0.5352191925048828, 0.0747978687286377, 0.5512456893920898, 0.09093117713928223, 0.0009441375732421875, 0.0009944438934326172, 0.15658307075500488, 0.001155853271484375], "comm_recv": [0.005915164947509766, 0.003492593765258789, 0.004021883010864258, 0.0038111209869384766, 0.00441431999206543, 0.0038738250732421875, 0.0036394596099853516, 0.0036025047302246094, 0.0038471221923828125, 0.0037708282470703125, 0.0037736892700195312, 0.004194736480712891, 0.007946252822875977, 0.003715038299560547, 0.005217313766479492, 0.004126787185668945, 0.00376129150390625, 0.003887653350830078, 0.00405573844909668, 0.003534555435180664, 0.004258871078491211, 0.0037851333618164062, 0.003782033920288086, 0.003869295120239258, 0.003759145736694336, 0.0041806697845458984, 0.004136562347412109, 0.0035953521728515625, 0.0039196014404296875, 0.004241466522216797, 0.0036153793334960938, 0.0037348270416259766, 0.0037889480590820312, 0.0037374496459960938, 0.003942012786865234, 0.00389862060546875, 0.004029035568237305, 0.004161357879638672, 0.005187511444091797, 0.0033423900604248047, 0.0034532546997070312, 0.0035829544067382812, 0.0033349990844726562, 0.0025687217712402344, 0.005396127700805664, 0.004158496856689453, 0.003916501998901367, 0.0035715103149414062, 0.003324747085571289, 0.0039021968841552734], "conv_send": [0.030657291412353516, 0.0070345401763916016, 0.007063627243041992, 0.007567882537841797, 0.007340908050537109, 0.007179975509643555, 0.00739598274230957, 0.006806373596191406, 0.0070781707763671875, 0.00738978385925293, 0.0072040557861328125, 0.00707697868347168, 0.007420778274536133, 0.007005929946899414, 0.007123708724975586, 0.007360935211181641, 0.007422447204589844, 0.007039785385131836, 0.007297039031982422, 0.007371664047241211, 0.0072100162506103516, 0.006940126419067383, 0.007136344909667969, 0.006984233856201172, 0.007249593734741211, 0.007070302963256836, 0.007348775863647461, 0.0067596435546875, 0.006952524185180664, 0.007504463195800781, 0.006852149963378906, 0.0072820186614990234, 0.007079601287841797, 0.007150173187255859, 0.006960153579711914, 0.006832599639892578, 0.0069122314453125, 0.007128715515136719, 0.007554292678833008, 0.007130622863769531, 0.006702899932861328, 0.0071239471435546875, 0.006316661834716797, 0.0068628787994384766, 0.007067203521728516, 0.007214069366455078, 0.007008075714111328, 0.007258892059326172, 0.007032155990600586, 0.007313251495361328], "conv_recv": [0.0003120899200439453, 0.0005812644958496094, 0.0003299713134765625, 0.000335693359375, 0.0003643035888671875, 0.00033974647521972656, 0.00034332275390625, 0.00039076805114746094, 0.00033354759216308594, 0.0003445148468017578, 0.0003445148468017578, 0.00034308433532714844, 0.00033664703369140625, 0.0003323554992675781, 0.0003504753112792969, 0.0004432201385498047, 0.0003566741943359375, 0.00035762786865234375, 0.0003464221954345703, 0.0003387928009033203, 0.00039124488830566406, 0.00036597251892089844, 0.0003237724304199219, 0.00046563148498535156, 0.00033736228942871094, 0.0003185272216796875, 0.0003979206085205078, 0.0003046989440917969, 0.0003311634063720703, 0.00031876564025878906, 0.00030994415283203125, 0.0003542900085449219, 0.0003254413604736328, 0.00040793418884277344, 0.00034618377685546875, 0.0003955364227294922, 0.0003123283386230469, 0.00033974647521972656, 0.00045013427734375, 0.00033402442932128906, 0.0004203319549560547, 0.0003304481506347656, 0.00032138824462890625, 0.0003750324249267578, 0.00033092498779296875, 0.00033283233642578125, 0.0003113746643066406, 0.0003254413604736328, 0.0003414154052734375, 0.0004367828369140625], "epochs": [9.222341537475586, 5.529726028442383, 5.2768731117248535, 5.219502925872803, 5.182832717895508, 5.530400514602661, 5.194603204727173, 5.075069904327393, 5.485009431838989, 5.53450345993042, 5.820122480392456, 5.6535632610321045, 4.934205532073975, 4.890397310256958, 5.525305271148682, 5.547432899475098, 5.533997535705566, 5.856836557388306, 5.231405019760132, 5.502303838729858, 5.2088916301727295, 5.2013726234436035, 5.616762161254883, 4.846627712249756, 5.512768030166626, 5.189707040786743, 5.204585313796997, 5.222759485244751, 5.518256902694702, 5.228729009628296, 5.2371985912323, 5.095123529434204, 5.222693204879761, 5.57244873046875, 4.9237282276153564, 5.816877126693726, 4.929366111755371, 5.616206407546997, 5.215412139892578, 4.951751470565796, 5.1732306480407715, 5.497486114501953, 5.4595253467559814, 5.874487400054932, 5.453185319900513, 5.291079759597778, 5.498445510864258, 5.269390821456909, 5.10522723197937, 5.20462965965271]}}