{"times": {"train": [9.051916599273682, 5.207143306732178, 5.301393985748291, 5.585432529449463, 5.289129734039307, 5.047282695770264, 5.152261018753052, 4.949460029602051, 5.283217906951904, 5.64260458946228, 5.763740539550781, 4.982839822769165, 5.1752095222473145, 5.860277414321899, 6.089562654495239, 5.234469175338745, 5.1995017528533936, 4.9328227043151855, 4.8323235511779785, 5.185952663421631, 4.897358179092407, 5.55297327041626, 5.3739683628082275, 5.437101125717163, 4.844017028808594, 5.151261806488037, 5.229047060012817, 5.720046043395996, 5.222959756851196, 5.134473562240601, 5.468423843383789, 5.166290760040283, 5.144400119781494, 5.190321922302246, 5.500571012496948, 5.799510955810547, 5.126996755599976, 5.168023109436035, 5.5159971714019775, 4.997537851333618, 5.205926418304443, 5.195298910140991, 4.943653345108032, 5.487485408782959, 5.867345571517944, 5.187933444976807, 4.87429141998291, 4.870494842529297, 5.226540565490723, 5.205268859863281], "comm_send": [0.0009424686431884766, 0.0009472370147705078, 0.001033782958984375, 0.0009090900421142578, 0.001026153564453125, 0.0009653568267822266, 0.15822577476501465, 0.21272492408752441, 0.0010287761688232422, 0.0010581016540527344, 0.0010135173797607422, 0.0010724067687988281, 0.0010478496551513672, 0.0010004043579101562, 0.0009818077087402344, 0.0010612010955810547, 0.0009064674377441406, 0.00106048583984375, 0.0011031627655029297, 0.0010194778442382812, 0.0009107589721679688, 0.0011777877807617188, 0.0009963512420654297, 0.001024484634399414, 0.000949859619140625, 0.0009741783142089844, 0.1330249309539795, 0.0011074542999267578, 0.0010302066802978516, 0.0010042190551757812, 0.0009799003601074219, 0.12589573860168457, 0.0009691715240478516, 0.0009679794311523438, 0.0009622573852539062, 0.0009741783142089844, 0.000949859619140625, 0.0008790493011474609, 0.0012238025665283203, 0.0009732246398925781, 0.0009961128234863281, 0.0009195804595947266, 0.537621021270752, 0.3623008728027344, 0.0010323524475097656, 0.0010776519775390625, 0.16871333122253418, 0.03401041030883789, 0.261890172958374, 0.000988006591796875], "comm_recv": [0.003599882125854492, 0.004141092300415039, 0.003955364227294922, 0.0033845901489257812, 0.012135744094848633, 0.00475621223449707, 0.0035452842712402344, 0.002911090850830078, 0.004667758941650391, 0.00414729118347168, 0.005438566207885742, 0.003799915313720703, 0.0039000511169433594, 0.0037746429443359375, 0.003757953643798828, 0.003699779510498047, 0.004032611846923828, 0.0038280487060546875, 0.0035042762756347656, 0.003902912139892578, 0.003980398178100586, 0.00811624526977539, 0.003996610641479492, 0.0040395259857177734, 0.0037343502044677734, 0.004385232925415039, 0.004990577697753906, 0.0038187503814697266, 0.00896596908569336, 0.0043544769287109375, 0.0038878917694091797, 0.007216453552246094, 0.003983259201049805, 0.0037326812744140625, 0.0037963390350341797, 0.0040891170501708984, 0.004038095474243164, 0.003908634185791016, 0.0044307708740234375, 0.004552364349365234, 0.0039348602294921875, 0.004120349884033203, 0.0032782554626464844, 0.003206968307495117, 0.0037522315979003906, 0.004221439361572266, 0.0036225318908691406, 0.003983259201049805, 0.004343986511230469, 0.004050254821777344], "conv_send": [0.029552459716796875, 0.007310390472412109, 0.006867170333862305, 0.007104396820068359, 0.0069162845611572266, 0.006836652755737305, 0.006771564483642578, 0.007363557815551758, 0.00718998908996582, 0.006913661956787109, 0.0069310665130615234, 0.007051229476928711, 0.0071332454681396484, 0.007393836975097656, 0.007141590118408203, 0.0073394775390625, 0.007112264633178711, 0.006956338882446289, 0.007412910461425781, 0.0068018436431884766, 0.007286548614501953, 0.006975889205932617, 0.007174015045166016, 0.007167816162109375, 0.006928205490112305, 0.00713348388671875, 0.006885051727294922, 0.007262468338012695, 0.007322072982788086, 0.007293224334716797, 0.0072400569915771484, 0.006598711013793945, 0.007153987884521484, 0.00657963752746582, 0.0069658756256103516, 0.007022857666015625, 0.006896018981933594, 0.007117748260498047, 0.007211208343505859, 0.0070722103118896484, 0.007530689239501953, 0.0069332122802734375, 0.0063474178314208984, 0.006452798843383789, 0.007573127746582031, 0.0072994232177734375, 0.006792306900024414, 0.007015705108642578, 0.007075071334838867, 0.007432699203491211], "conv_recv": [0.00028967857360839844, 0.00034809112548828125, 0.00035834312438964844, 0.0003266334533691406, 0.0003247261047363281, 0.0003299713134765625, 0.00031948089599609375, 0.0003974437713623047, 0.0004401206970214844, 0.00044155120849609375, 0.0003273487091064453, 0.0003352165222167969, 0.0003426074981689453, 0.00034236907958984375, 0.0003371238708496094, 0.0003342628479003906, 0.0003314018249511719, 0.0003342628479003906, 0.0003542900085449219, 0.00034236907958984375, 0.0003275871276855469, 0.0003437995910644531, 0.000335693359375, 0.00040340423583984375, 0.00035071372985839844, 0.0003502368927001953, 0.00034356117248535156, 0.00033593177795410156, 0.0003669261932373047, 0.0003466606140136719, 0.00036334991455078125, 0.00033211708068847656, 0.0003628730773925781, 0.0002930164337158203, 0.000331878662109375, 0.00038361549377441406, 0.0003330707550048828, 0.00032973289489746094, 0.00033736228942871094, 0.0004343986511230469, 0.00034809112548828125, 0.0003497600555419922, 0.00034546852111816406, 0.0003190040588378906, 0.00034117698669433594, 0.000324249267578125, 0.00032711029052734375, 0.00032901763916015625, 0.0003333091735839844, 0.00034046173095703125], "epochs": [9.102166414260864, 5.236209869384766, 5.330295562744141, 5.613787651062012, 5.3262341022491455, 5.0765221118927, 5.336771249771118, 5.1890130043029785, 5.3135740756988525, 5.671377897262573, 5.793478727340698, 5.012087821960449, 5.204407215118408, 5.890188694000244, 6.118091344833374, 5.263891935348511, 5.228726625442505, 4.96174430847168, 4.861807346343994, 5.214253664016724, 4.926009654998779, 5.58594274520874, 5.402995586395264, 5.465886354446411, 4.872009038925171, 5.181000471115112, 5.38966178894043, 5.749746799468994, 5.257812023162842, 5.1643476486206055, 5.497659921646118, 5.322187185287476, 5.1730780601501465, 5.217299699783325, 5.528709650039673, 5.827901601791382, 5.155175447463989, 5.196479320526123, 5.546193361282349, 5.026939630508423, 5.23548150062561, 5.223780870437622, 5.507003545761108, 5.875190019607544, 5.896277904510498, 5.217081069946289, 5.069307804107666, 4.932063579559326, 5.5162904262542725, 5.235157251358032]}}