{"times": {"train": [9.17739748954773, 5.185865640640259, 5.2470152378082275, 4.864753484725952, 5.080432415008545, 4.858214855194092, 5.243011236190796, 5.13149881362915, 5.444973707199097, 5.231356620788574, 5.093215465545654, 5.10534930229187, 4.7978105545043945, 5.154748916625977, 5.468555450439453, 5.0967864990234375, 5.129965782165527, 5.0874998569488525, 5.45576548576355, 5.41674017906189, 4.768383026123047, 5.428483724594116, 4.895463943481445, 5.1688830852508545, 4.822206974029541, 5.152039289474487, 5.143062114715576, 5.151989698410034, 5.180859088897705, 5.152551174163818, 4.773159742355347, 5.538446664810181, 6.060569524765015, 4.798729658126831, 5.093769073486328, 5.127538204193115, 5.118711471557617, 5.184481382369995, 5.280400276184082, 4.842128276824951, 5.464343309402466, 5.095418453216553, 5.431270360946655, 5.4060163497924805, 5.718119859695435, 5.093151330947876, 5.751155376434326, 5.394856929779053, 5.128376722335815, 5.464399576187134], "comm_send": [0.0009255409240722656, 0.0009920597076416016, 0.0010590553283691406, 0.0009627342224121094, 0.0009582042694091797, 0.19162726402282715, 0.9385979175567627, 0.04037952423095703, 0.0010037422180175781, 0.0009512901306152344, 0.0009560585021972656, 0.5700781345367432, 0.34658122062683105, 0.2793304920196533, 0.0009305477142333984, 0.0010266304016113281, 0.1922154426574707, 0.30335521697998047, 0.0009174346923828125, 0.0010666847229003906, 0.0009889602661132812, 0.0011487007141113281, 0.0009570121765136719, 0.18954992294311523, 0.0262911319732666, 0.6481437683105469, 0.4031651020050049, 0.0009326934814453125, 0.0010149478912353516, 0.10653448104858398, 0.41161441802978516, 0.525721549987793, 0.000995635986328125, 0.0010633468627929688, 0.0010578632354736328, 0.0010814666748046875, 0.0011632442474365234, 0.0010135173797607422, 0.0011630058288574219, 0.1700732707977295, 0.0009028911590576172, 0.041036128997802734, 0.6275920867919922, 0.44360923767089844, 0.0009214878082275391, 0.0009362697601318359, 0.0009641647338867188, 0.0009386539459228516, 0.0010383129119873047, 0.0009777545928955078], "comm_recv": [0.0032341480255126953, 0.004041910171508789, 0.005371809005737305, 0.0037925243377685547, 0.004565715789794922, 0.0038051605224609375, 0.0027790069580078125, 0.0037262439727783203, 0.004388093948364258, 0.004203319549560547, 0.004159688949584961, 0.003902435302734375, 0.017668485641479492, 0.005105018615722656, 0.004332780838012695, 0.0037741661071777344, 0.0036172866821289062, 0.00335693359375, 0.0033979415893554688, 0.004228830337524414, 0.00394129753112793, 0.004531383514404297, 0.0039594173431396484, 0.005267620086669922, 0.0041201114654541016, 0.004380464553833008, 0.0045664310455322266, 0.0038428306579589844, 0.003686666488647461, 0.003981828689575195, 0.004165172576904297, 0.0038301944732666016, 0.003756284713745117, 0.003682851791381836, 0.004027366638183594, 0.004534721374511719, 0.006463050842285156, 0.004363059997558594, 0.004149198532104492, 0.004308462142944336, 0.0035927295684814453, 0.0036056041717529297, 0.0042552947998046875, 0.003228425979614258, 0.0038957595825195312, 0.004151344299316406, 0.004256248474121094, 0.0037305355072021484, 0.0037708282470703125, 0.005800485610961914], "conv_send": [0.030144929885864258, 0.006937265396118164, 0.006954193115234375, 0.007207632064819336, 0.006995439529418945, 0.007019996643066406, 0.006968021392822266, 0.007024049758911133, 0.007074832916259766, 0.00716090202331543, 0.007083415985107422, 0.006848812103271484, 0.00702214241027832, 0.007245540618896484, 0.006918907165527344, 0.007083415985107422, 0.00689387321472168, 0.007106781005859375, 0.006737709045410156, 0.0068798065185546875, 0.007154226303100586, 0.007233142852783203, 0.0069386959075927734, 0.007173061370849609, 0.0075359344482421875, 0.0069425106048583984, 0.007377147674560547, 0.006873369216918945, 0.007329702377319336, 0.00718235969543457, 0.006721973419189453, 0.006691455841064453, 0.006903886795043945, 0.006963253021240234, 0.006857633590698242, 0.007069826126098633, 0.006734371185302734, 0.006681919097900391, 0.007562398910522461, 0.006780385971069336, 0.006540060043334961, 0.006513833999633789, 0.0063478946685791016, 0.006874799728393555, 0.0067903995513916016, 0.0066890716552734375, 0.007250547409057617, 0.00690460205078125, 0.006834983825683594, 0.006994485855102539], "conv_recv": [0.0003504753112792969, 0.0003323554992675781, 0.00035071372985839844, 0.00048089027404785156, 0.0003228187561035156, 0.00032329559326171875, 0.0004394054412841797, 0.0003325939178466797, 0.000324249267578125, 0.0003192424774169922, 0.0003478527069091797, 0.0003552436828613281, 0.0003533363342285156, 0.00032520294189453125, 0.0003209114074707031, 0.0003464221954345703, 0.00039124488830566406, 0.00037384033203125, 0.00039196014404296875, 0.0003204345703125, 0.0003228187561035156, 0.00033593177795410156, 0.00038623809814453125, 0.00040149688720703125, 0.00032258033752441406, 0.0003261566162109375, 0.0003199577331542969, 0.00031685829162597656, 0.0003197193145751953, 0.0003190040588378906, 0.00033473968505859375, 0.00037407875061035156, 0.0003204345703125, 0.0003173351287841797, 0.0003101825714111328, 0.0003135204315185547, 0.00033092498779296875, 0.0003204345703125, 0.0003612041473388672, 0.0003325939178466797, 0.0003027915954589844, 0.0003561973571777344, 0.00030803680419921875, 0.00030732154846191406, 0.0003209114074707031, 0.00030732154846191406, 0.000339508056640625, 0.00032138824462890625, 0.00033164024353027344, 0.0003230571746826172], "epochs": [9.2274808883667, 5.214287757873535, 5.276789426803589, 4.893203973770142, 5.110362768173218, 5.078221321105957, 6.206859111785889, 5.198741912841797, 5.474464178085327, 5.259807825088501, 5.122467756271362, 5.702576637268066, 5.1856935024261475, 5.4625983238220215, 5.496206760406494, 5.125201225280762, 5.348515033721924, 5.417360544204712, 5.482842683792114, 5.445264101028442, 4.79716682434082, 5.458143949508667, 4.923905611038208, 5.387966156005859, 4.876908540725708, 5.827630043029785, 5.573467016220093, 5.179622411727905, 5.209383964538574, 5.2864298820495605, 5.211315393447876, 6.090203046798706, 6.088803291320801, 4.827261686325073, 5.121886968612671, 5.157026529312134, 5.149482011795044, 5.212657928466797, 5.309975624084473, 5.039658069610596, 5.491032123565674, 5.162214756011963, 6.085094928741455, 5.874982118606567, 5.745685815811157, 5.121340036392212, 5.780360460281372, 5.423026084899902, 5.156249523162842, 5.4943811893463135]}}