{"times": {"train": [9.036148309707642, 5.534535884857178, 5.228576898574829, 5.491149187088013, 5.804442644119263, 5.583017587661743, 5.472118616104126, 5.168525457382202, 4.855093479156494, 5.7804625034332275, 5.840968608856201, 5.210150480270386, 5.469685316085815, 5.165191650390625, 5.252611398696899, 5.330958127975464, 5.550819635391235, 4.8755576610565186, 5.503168106079102, 4.84162712097168, 5.531195640563965, 4.908956050872803, 5.215930938720703, 5.220617294311523, 5.862904071807861, 5.471987009048462, 4.905667304992676, 4.938080787658691, 5.289874315261841, 5.265314102172852, 5.1068291664123535, 4.9346232414245605, 5.154191017150879, 5.512535333633423, 5.2011072635650635, 5.876096248626709, 5.202033281326294, 5.203829288482666, 5.534996747970581, 5.212790489196777, 5.534175634384155, 5.474274158477783, 6.396302938461304, 4.808325529098511, 4.974186420440674, 4.962711572647095, 4.966670989990234, 5.2528839111328125, 5.310389518737793, 5.491756439208984], "comm_send": [0.00099945068359375, 0.0010466575622558594, 0.0011286735534667969, 0.000942230224609375, 0.0009737014770507812, 0.0010707378387451172, 0.0010068416595458984, 0.0010657310485839844, 0.0011103153228759766, 0.0013306140899658203, 0.0010251998901367188, 0.0009622573852539062, 0.0010788440704345703, 0.0010454654693603516, 0.0010657310485839844, 0.001041412353515625, 0.001102447509765625, 0.001046895980834961, 0.001108407974243164, 0.0010776519775390625, 0.0011801719665527344, 0.0011181831359863281, 0.00109100341796875, 0.0009493827819824219, 0.0010280609130859375, 0.0011489391326904297, 0.0010514259338378906, 0.0013506412506103516, 0.0011026859283447266, 0.0010020732879638672, 0.0009608268737792969, 0.0009925365447998047, 0.0011148452758789062, 0.0009965896606445312, 0.001054525375366211, 0.0009548664093017578, 0.001116037368774414, 0.0010080337524414062, 0.0010857582092285156, 0.0011055469512939453, 0.0009715557098388672, 0.0010197162628173828, 0.001049041748046875, 0.001172780990600586, 0.0010881423950195312, 0.0008950233459472656, 0.19397568702697754, 0.001035451889038086, 0.0011818408966064453, 0.0010061264038085938], "comm_recv": [0.003966569900512695, 0.0039980411529541016, 0.0046749114990234375, 0.004009246826171875, 0.004060983657836914, 0.0038728713989257812, 0.004067182540893555, 0.004439830780029297, 0.004580974578857422, 0.003979682922363281, 0.003943204879760742, 0.004158735275268555, 0.004146575927734375, 0.003759145736694336, 0.0043332576751708984, 0.0039670467376708984, 0.003919124603271484, 0.00441741943359375, 0.0045719146728515625, 0.004376649856567383, 0.0040607452392578125, 0.00433659553527832, 0.004309654235839844, 0.004209041595458984, 0.00413823127746582, 0.004186153411865234, 0.003920555114746094, 0.0042912960052490234, 0.0041010379791259766, 0.0038497447967529297, 0.005228281021118164, 0.0042803287506103516, 0.004773139953613281, 0.004125118255615234, 0.003907203674316406, 0.005655050277709961, 0.004101276397705078, 0.004157543182373047, 0.004016399383544922, 0.004510641098022461, 0.0043871402740478516, 0.00467681884765625, 0.004270792007446289, 0.0039539337158203125, 0.003950357437133789, 0.0036835670471191406, 0.0033197402954101562, 0.004323244094848633, 0.0038232803344726562, 0.004082202911376953], "conv_send": [0.030517101287841797, 0.007751941680908203, 0.007383108139038086, 0.007187843322753906, 0.007210969924926758, 0.007216691970825195, 0.007292985916137695, 0.0072231292724609375, 0.007262706756591797, 0.00703120231628418, 0.006882429122924805, 0.006903171539306641, 0.007040739059448242, 0.007067680358886719, 0.00718379020690918, 0.007164478302001953, 0.00700068473815918, 0.007058143615722656, 0.007204294204711914, 0.006861209869384766, 0.007008075714111328, 0.007166862487792969, 0.007300138473510742, 0.006925106048583984, 0.007216453552246094, 0.007183551788330078, 0.007366180419921875, 0.00712895393371582, 0.0071256160736083984, 0.007349967956542969, 0.006942033767700195, 0.006742715835571289, 0.007108211517333984, 0.00792694091796875, 0.00699305534362793, 0.007076740264892578, 0.007355451583862305, 0.007195472717285156, 0.007463932037353516, 0.0071980953216552734, 0.006815671920776367, 0.007029056549072266, 0.00731348991394043, 0.006766080856323242, 0.006845712661743164, 0.006888628005981445, 0.006888866424560547, 0.007300376892089844, 0.007101535797119141, 0.007269859313964844], "conv_recv": [0.00031113624572753906, 0.0003883838653564453, 0.00033092498779296875, 0.0003228187561035156, 0.00038909912109375, 0.00033164024353027344, 0.0003361701965332031, 0.0003218650817871094, 0.00035858154296875, 0.0003650188446044922, 0.00033211708068847656, 0.0003292560577392578, 0.00036525726318359375, 0.0003447532653808594, 0.000347137451171875, 0.0003361701965332031, 0.0003132820129394531, 0.00034546852111816406, 0.00034427642822265625, 0.0003306865692138672, 0.00036072731018066406, 0.0003376007080078125, 0.00033593177795410156, 0.00038814544677734375, 0.0003349781036376953, 0.0003237724304199219, 0.0003261566162109375, 0.0003421306610107422, 0.0003230571746826172, 0.0003304481506347656, 0.00033783912658691406, 0.0004153251647949219, 0.00032830238342285156, 0.0003268718719482422, 0.00035643577575683594, 0.0003402233123779297, 0.000324249267578125, 0.00032401084899902344, 0.00033283233642578125, 0.00033664703369140625, 0.00034308433532714844, 0.0003542900085449219, 0.0003330707550048828, 0.00033473968505859375, 0.00033545494079589844, 0.0003294944763183594, 0.0003268718719482422, 0.00034546852111816406, 0.0003337860107421875, 0.0003387928009033203], "epochs": [9.087881088256836, 5.5650482177734375, 5.258848190307617, 5.520610570907593, 5.834141254425049, 5.613101243972778, 5.501889944076538, 5.198692321777344, 4.885369062423706, 5.80949592590332, 5.869683027267456, 5.239126205444336, 5.498808145523071, 5.194737434387207, 5.282310485839844, 5.361013650894165, 5.579416513442993, 4.905339241027832, 5.533395767211914, 4.870162010192871, 5.560017347335815, 4.938985586166382, 5.245781183242798, 5.249624967575073, 5.892282009124756, 5.501919269561768, 4.936243057250977, 4.968336820602417, 5.3191657066345215, 5.294485569000244, 5.136491298675537, 4.9633753299713135, 5.184943199157715, 5.5433549880981445, 5.229691028594971, 5.907426595687866, 5.231444835662842, 5.233146905899048, 5.5649847984313965, 5.242488861083984, 5.56311821937561, 5.50388240814209, 6.425998210906982, 4.836549758911133, 5.002523899078369, 4.990673303604126, 5.1867053508758545, 5.283001184463501, 5.339941501617432, 5.520639181137085]}}