{"times": {"train": [9.145913362503052, 5.524819850921631, 5.26605224609375, 4.856658697128296, 5.124957799911499, 5.2900390625, 5.440128326416016, 5.144642114639282, 5.266618251800537, 5.573106050491333, 4.81915545463562, 5.443965196609497, 5.2304887771606445, 5.141181707382202, 4.823395729064941, 4.8323163986206055, 5.8171467781066895, 5.087751626968384, 5.19302225112915, 5.173645257949829, 5.432470321655273, 5.041489601135254, 5.472982406616211, 5.442957639694214, 4.832324266433716, 5.749642848968506, 5.421934366226196, 4.820194721221924, 4.808842182159424, 4.868920803070068, 4.854659080505371, 4.790118932723999, 5.449418067932129, 5.153438568115234, 4.838883399963379, 4.905545711517334, 5.10418438911438, 5.159835577011108, 5.811479806900024, 4.966228485107422, 5.001510858535767, 6.045671224594116, 4.914388418197632, 4.969982624053955, 4.865868806838989, 5.200490474700928, 5.501540660858154, 5.5139312744140625, 5.47699761390686, 5.169530630111694], "comm_send": [0.0009381771087646484, 0.0010573863983154297, 0.0009799003601074219, 0.0009481906890869141, 0.0010192394256591797, 0.0009250640869140625, 0.1433086395263672, 0.023971080780029297, 0.001001596450805664, 0.0010309219360351562, 0.0011165142059326172, 0.3351593017578125, 0.00098419189453125, 0.22762513160705566, 0.3451402187347412, 0.3919394016265869, 0.0011136531829833984, 0.0009381771087646484, 0.0011243820190429688, 0.016250133514404297, 0.0012385845184326172, 0.0010066032409667969, 0.0009763240814208984, 0.0012290477752685547, 0.0011589527130126953, 0.0009655952453613281, 0.0009520053863525391, 0.0013318061828613281, 0.0010943412780761719, 0.8097488880157471, 0.33023667335510254, 1.2868435382843018, 0.001081705093383789, 0.0011103153228759766, 0.0010082721710205078, 0.0010416507720947266, 0.0010678768157958984, 0.10476565361022949, 0.0009472370147705078, 0.156785249710083, 0.0653378963470459, 0.0010254383087158203, 0.6365656852722168, 0.8792846202850342, 0.5579190254211426, 0.07358217239379883, 0.0009593963623046875, 0.0010581016540527344, 0.0009512901306152344, 0.0010416507720947266], "comm_recv": [0.0037457942962646484, 0.003184795379638672, 0.004750490188598633, 0.0035736560821533203, 0.0059053897857666016, 0.0032541751861572266, 0.0067882537841796875, 0.0034546852111816406, 0.0044710636138916016, 0.003855466842651367, 0.004199981689453125, 0.0035958290100097656, 0.004045724868774414, 0.0037164688110351562, 0.003239870071411133, 0.0038471221923828125, 0.003565073013305664, 0.0037899017333984375, 0.004014253616333008, 0.003831148147583008, 0.0038611888885498047, 0.00499272346496582, 0.004334449768066406, 0.004042625427246094, 0.0044097900390625, 0.004353523254394531, 0.004572391510009766, 0.004538297653198242, 0.004218101501464844, 0.004648447036743164, 0.0038259029388427734, 0.003843545913696289, 0.004176616668701172, 0.0046083927154541016, 0.017793655395507812, 0.004041910171508789, 0.0042269229888916016, 0.004050254821777344, 0.004738569259643555, 0.0037927627563476562, 0.003810882568359375, 0.003845691680908203, 0.0034368038177490234, 0.0035276412963867188, 0.006312370300292969, 0.004122734069824219, 0.003983259201049805, 0.004369974136352539, 0.003744840621948242, 0.003693819046020508], "conv_send": [0.02964019775390625, 0.006829977035522461, 0.006961822509765625, 0.006917238235473633, 0.007113933563232422, 0.006917238235473633, 0.006731986999511719, 0.006802082061767578, 0.007596492767333984, 0.0070607662200927734, 0.0070688724517822266, 0.0064890384674072266, 0.0071239471435546875, 0.007092475891113281, 0.0071566104888916016, 0.00739598274230957, 0.007476091384887695, 0.00666356086730957, 0.007191181182861328, 0.0068454742431640625, 0.006782054901123047, 0.006834983825683594, 0.007048845291137695, 0.006760120391845703, 0.00702357292175293, 0.007121086120605469, 0.006894826889038086, 0.00725102424621582, 0.006935834884643555, 0.0071179866790771484, 0.006758451461791992, 0.007078647613525391, 0.006957530975341797, 0.006905078887939453, 0.007009029388427734, 0.006979465484619141, 0.007458925247192383, 0.007008075714111328, 0.007010459899902344, 0.007066011428833008, 0.007014274597167969, 0.006951332092285156, 0.006411314010620117, 0.006789684295654297, 0.00699305534362793, 0.0068051815032958984, 0.0070037841796875, 0.006815910339355469, 0.0070230960845947266, 0.006775617599487305], "conv_recv": [0.00029754638671875, 0.0004076957702636719, 0.00032973289489746094, 0.0003178119659423828, 0.00032830238342285156, 0.000339508056640625, 0.00033402442932128906, 0.00032782554626464844, 0.00032591819763183594, 0.0003218650817871094, 0.0003514289855957031, 0.00032401084899902344, 0.0003261566162109375, 0.0003337860107421875, 0.00031566619873046875, 0.0003464221954345703, 0.0003886222839355469, 0.0003235340118408203, 0.0003523826599121094, 0.0004127025604248047, 0.000316619873046875, 0.000316619873046875, 0.0003414154052734375, 0.0003795623779296875, 0.00032901763916015625, 0.0003330707550048828, 0.0003268718719482422, 0.0003800392150878906, 0.00032329559326171875, 0.0003314018249511719, 0.0003192424774169922, 0.0003173351287841797, 0.0003209114074707031, 0.00032329559326171875, 0.0003414154052734375, 0.00032019615173339844, 0.0003268718719482422, 0.0003299713134765625, 0.0003235340118408203, 0.0003731250762939453, 0.0003287792205810547, 0.0003299713134765625, 0.0003108978271484375, 0.0003216266632080078, 0.00035262107849121094, 0.00035262107849121094, 0.0004162788391113281, 0.0003337860107421875, 0.00032210350036621094, 0.00032258033752441406], "epochs": [9.196446895599365, 5.5527613162994385, 5.2953338623046875, 4.884477853775024, 5.155937671661377, 5.317055702209473, 5.612619876861572, 5.194941282272339, 5.296457767486572, 5.6011927127838135, 4.848720550537109, 5.805530071258545, 5.259814977645874, 5.39610743522644, 5.194746971130371, 5.251992702484131, 5.84551477432251, 5.115008115768433, 5.222050428390503, 5.217214584350586, 5.460673093795776, 5.0703699588775635, 5.502045631408691, 5.4714415073394775, 4.861188650131226, 5.778942346572876, 5.450496196746826, 4.850000858306885, 4.837298393249512, 5.706432104110718, 5.2112603187561035, 6.103619575500488, 5.478163003921509, 5.182180404663086, 4.8807690143585205, 4.934342622756958, 5.133887052536011, 5.292442083358765, 5.840139627456665, 5.150206804275513, 5.094426393508911, 6.073535442352295, 5.576399326324463, 5.874902248382568, 5.453314542770386, 5.301191091537476, 5.529161691665649, 5.542626142501831, 5.505283355712891, 5.197273254394531]}}