{"times": {"train": [8.562911033630371, 5.19594144821167, 5.185271263122559, 5.84722113609314, 5.547496795654297, 5.815324783325195, 5.095905303955078, 5.23747992515564, 5.495453119277954, 5.1401896476745605, 5.175995588302612, 5.176530599594116, 5.454897880554199, 5.4869890213012695, 5.071953296661377, 4.961751222610474, 5.785474538803101, 5.163032293319702, 5.460416316986084, 5.161075115203857, 5.475830554962158, 5.49286413192749, 5.3008623123168945, 5.4562828540802, 5.085808992385864, 5.745177984237671, 5.198840618133545, 5.282474994659424, 5.8445093631744385, 5.15848183631897, 5.754466533660889, 5.144131183624268, 5.110887289047241, 5.476381301879883, 4.876824378967285, 4.805298566818237, 5.4571757316589355, 5.083424806594849, 5.414279460906982, 5.184313058853149, 5.414128065109253, 5.179184913635254, 5.340298414230347, 5.089969635009766, 5.246283292770386, 5.112250328063965, 5.469684600830078, 5.081106901168823, 4.734006881713867, 5.443194389343262], "comm_send": [0.0010807514190673828, 0.001081228256225586, 0.000865936279296875, 0.001348257064819336, 0.0016930103302001953, 0.0010223388671875, 0.0010640621185302734, 0.0010068416595458984, 0.0008993148803710938, 0.0008916854858398438, 0.0009953975677490234, 0.0010018348693847656, 0.0010461807250976562, 0.0009524822235107422, 0.0009350776672363281, 0.0008955001831054688, 0.0010564327239990234, 0.0008883476257324219, 0.0008921623229980469, 0.0008983612060546875, 0.0010182857513427734, 0.00084686279296875, 0.000980377197265625, 0.0009920597076416016, 0.0009827613830566406, 0.0008590221405029297, 0.0009143352508544922, 0.0010328292846679688, 0.0009484291076660156, 0.0009953975677490234, 0.0010540485382080078, 0.0008900165557861328, 0.0008852481842041016, 0.0013866424560546875, 0.0009908676147460938, 0.0010149478912353516, 0.0008511543273925781, 0.0010678768157958984, 0.0009899139404296875, 0.0010063648223876953, 0.0009899139404296875, 0.0009019374847412109, 0.0009329319000244141, 0.42426466941833496, 0.17613744735717773, 0.16467714309692383, 0.003322124481201172, 0.0009756088256835938, 0.4996325969696045, 0.0009224414825439453], "comm_recv": [0.0060367584228515625, 0.005488395690917969, 0.003670930862426758, 0.0032143592834472656, 0.0043675899505615234, 0.0039670467376708984, 0.004122495651245117, 0.004157543182373047, 0.0035715103149414062, 0.003913402557373047, 0.0039556026458740234, 0.004773139953613281, 0.0038650035858154297, 0.004477024078369141, 0.004053592681884766, 0.0041730403900146484, 0.0037796497344970703, 0.017649412155151367, 0.003596782684326172, 0.0038208961486816406, 0.0036454200744628906, 0.0038270950317382812, 0.0040438175201416016, 0.004132747650146484, 0.0037336349487304688, 0.0034859180450439453, 0.004026174545288086, 0.004244089126586914, 0.006339550018310547, 0.004026651382446289, 0.003852367401123047, 0.003747224807739258, 0.0043485164642333984, 0.004090785980224609, 0.004303455352783203, 0.005272626876831055, 0.0036551952362060547, 0.0035355091094970703, 0.0038449764251708984, 0.0037927627563476562, 0.0038759708404541016, 0.0038292407989501953, 0.0037338733673095703, 0.0029578208923339844, 0.0029938220977783203, 0.0036385059356689453, 0.0034673213958740234, 0.0037293434143066406, 0.0037178993225097656, 0.0036444664001464844], "conv_send": [0.03097844123840332, 0.007379055023193359, 0.006496906280517578, 0.0069539546966552734, 0.00690007209777832, 0.0068683624267578125, 0.006909608840942383, 0.00677943229675293, 0.0069196224212646484, 0.007000446319580078, 0.007046937942504883, 0.006992816925048828, 0.006753444671630859, 0.006493806838989258, 0.0063724517822265625, 0.006555318832397461, 0.006361961364746094, 0.006488323211669922, 0.0064122676849365234, 0.006839275360107422, 0.006639242172241211, 0.006855010986328125, 0.00685882568359375, 0.007042646408081055, 0.0066852569580078125, 0.007094621658325195, 0.006548643112182617, 0.006644725799560547, 0.006603717803955078, 0.0070323944091796875, 0.0064542293548583984, 0.006703853607177734, 0.0066776275634765625, 0.0070343017578125, 0.006735324859619141, 0.006485939025878906, 0.006402492523193359, 0.006591796875, 0.006763935089111328, 0.0067408084869384766, 0.006589174270629883, 0.00638580322265625, 0.00679326057434082, 0.006338357925415039, 0.00945425033569336, 0.006825923919677734, 0.006771087646484375, 0.00671076774597168, 0.006396293640136719, 0.006316184997558594], "conv_recv": [0.0003135204315185547, 0.00031280517578125, 0.0003352165222167969, 0.00030303001403808594, 0.0003066062927246094, 0.0003170967102050781, 0.0003094673156738281, 0.00032830238342285156, 0.0003209114074707031, 0.0003037452697753906, 0.00035643577575683594, 0.00031828880310058594, 0.00040221214294433594, 0.0003170967102050781, 0.0003039836883544922, 0.00030612945556640625, 0.0003819465637207031, 0.00031185150146484375, 0.0002982616424560547, 0.0003085136413574219, 0.0003046989440917969, 0.0003209114074707031, 0.00045180320739746094, 0.0003783702850341797, 0.0003349781036376953, 0.0003046989440917969, 0.00030493736267089844, 0.00031304359436035156, 0.0003311634063720703, 0.0003769397735595703, 0.0003170967102050781, 0.0003170967102050781, 0.0003209114074707031, 0.0003237724304199219, 0.0003178119659423828, 0.0002999305725097656, 0.00030231475830078125, 0.00041961669921875, 0.00031828880310058594, 0.0003197193145751953, 0.0003230571746826172, 0.0003139972686767578, 0.0003139972686767578, 0.00030684471130371094, 0.00035834312438964844, 0.00030994415283203125, 0.00032591819763183594, 0.00033664703369140625, 0.00032782554626464844, 0.00030517578125], "epochs": [8.61742115020752, 5.226718187332153, 5.212387800216675, 5.8745739459991455, 5.576838731765747, 5.843685865402222, 5.1242780685424805, 5.265479564666748, 5.523271322250366, 5.168838024139404, 5.204395055770874, 5.205972909927368, 5.483091354370117, 5.514678716659546, 5.098916292190552, 4.989138841629028, 5.812118291854858, 5.203471899032593, 5.486873149871826, 5.188497304916382, 5.502863883972168, 5.520807504653931, 5.329223155975342, 5.484531879425049, 5.112918853759766, 5.771987438201904, 5.225490570068359, 5.310917139053345, 5.874175786972046, 5.187178373336792, 5.781348466873169, 5.172078847885132, 5.138340473175049, 5.505201578140259, 4.9052088260650635, 4.833086967468262, 5.483487129211426, 5.11050271987915, 5.441621541976929, 5.211764574050903, 5.440809488296509, 5.205469369888306, 5.368511915206909, 5.538325071334839, 5.451067924499512, 5.302862882614136, 5.4984331130981445, 5.108546733856201, 5.259309768676758, 5.469240188598633]}}