{"times": {"train": [9.110595464706421, 5.4430906772613525, 5.2007763385772705, 5.406505107879639, 5.686962127685547, 5.488074064254761, 5.114626169204712, 5.142096757888794, 5.233610153198242, 4.873491048812866, 5.408658504486084, 5.18480920791626, 5.4876790046691895, 5.471585035324097, 4.785239219665527, 5.193132162094116, 5.285955190658569, 5.4936158657073975, 4.981958627700806, 4.874193429946899, 5.191989183425903, 5.156404972076416, 5.299067735671997, 5.3921990394592285, 4.998530864715576, 5.488431453704834, 5.465575456619263, 4.863652229309082, 5.177903652191162, 5.790284633636475, 5.174458742141724, 5.497764348983765, 4.883484601974487, 5.118878364562988, 5.154301404953003, 5.162052631378174, 6.169615030288696, 4.920100212097168, 5.132334470748901, 5.1758973598480225, 5.142021417617798, 5.128304481506348, 5.162015199661255, 5.223095893859863, 5.452833890914917, 5.4892897605896, 6.10387921333313, 4.847665309906006, 5.161832809448242, 4.886148929595947], "comm_send": [0.000965118408203125, 0.0009412765502929688, 0.0009942054748535156, 0.0010533332824707031, 0.0010094642639160156, 0.0010044574737548828, 0.0010309219360351562, 0.0010380744934082031, 0.0011565685272216797, 0.0010128021240234375, 0.0010204315185546875, 0.008802652359008789, 0.0010657310485839844, 0.0011081695556640625, 0.02195143699645996, 0.038015127182006836, 0.21055078506469727, 0.0010297298431396484, 0.0012409687042236328, 0.44255733489990234, 0.001169443130493164, 0.09173250198364258, 0.001009225845336914, 0.0010442733764648438, 0.0010635852813720703, 0.001116037368774414, 0.030414819717407227, 0.04471278190612793, 0.0011343955993652344, 0.0010416507720947266, 0.001089334487915039, 0.2875063419342041, 0.0009198188781738281, 0.0010807514190673828, 0.2349529266357422, 0.0010046958923339844, 0.0010573863983154297, 0.0011343955993652344, 0.0010428428649902344, 0.001123189926147461, 0.001069784164428711, 0.034635066986083984, 0.9061009883880615, 0.6157793998718262, 0.0009553432464599609, 0.0009920597076416016, 0.0012073516845703125, 0.001041412353515625, 0.0009565353393554688, 0.0011172294616699219], "comm_recv": [0.003623485565185547, 0.0036377906799316406, 0.0040738582611083984, 0.003962516784667969, 0.0038633346557617188, 0.0043032169342041016, 0.0037605762481689453, 0.003917217254638672, 0.0041120052337646484, 0.003968477249145508, 0.004306316375732422, 0.003742218017578125, 0.004334211349487305, 0.003989696502685547, 0.0036928653717041016, 0.0041773319244384766, 0.0033736228942871094, 0.004142045974731445, 0.0038971900939941406, 0.004438877105712891, 0.0041959285736083984, 0.0045623779296875, 0.003940105438232422, 0.00410914421081543, 0.004107952117919922, 0.004009246826171875, 0.0036382675170898438, 0.00407099723815918, 0.0038368701934814453, 0.0059587955474853516, 0.004110574722290039, 0.0036590099334716797, 0.0035948753356933594, 0.00442194938659668, 0.003890514373779297, 0.004086971282958984, 0.0041141510009765625, 0.005609989166259766, 0.0041043758392333984, 0.004384279251098633, 0.003716707229614258, 0.0038433074951171875, 0.003720998764038086, 0.004047393798828125, 0.003953695297241211, 0.0037081241607666016, 0.004618406295776367, 0.004389524459838867, 0.0040132999420166016, 0.003973722457885742], "conv_send": [0.02863454818725586, 0.0069904327392578125, 0.007059574127197266, 0.007440090179443359, 0.006983041763305664, 0.006682157516479492, 0.007092714309692383, 0.006997823715209961, 0.006971836090087891, 0.006792545318603516, 0.006968498229980469, 0.006633758544921875, 0.0070002079010009766, 0.007136344909667969, 0.006924629211425781, 0.007208108901977539, 0.0067865848541259766, 0.006825447082519531, 0.007173299789428711, 0.006868124008178711, 0.007252216339111328, 0.007087230682373047, 0.006699323654174805, 0.0072858333587646484, 0.007094383239746094, 0.006827592849731445, 0.0067675113677978516, 0.007314205169677734, 0.00737762451171875, 0.007584333419799805, 0.0069735050201416016, 0.007188320159912109, 0.007035493850708008, 0.0071735382080078125, 0.007212400436401367, 0.0066874027252197266, 0.0070378780364990234, 0.007004976272583008, 0.0071141719818115234, 0.007201671600341797, 0.006945133209228516, 0.0067386627197265625, 0.00717616081237793, 0.006559610366821289, 0.006912708282470703, 0.00682830810546875, 0.00729060173034668, 0.007203578948974609, 0.007124900817871094, 0.007111549377441406], "conv_recv": [0.000278472900390625, 0.000331878662109375, 0.0003333091735839844, 0.00038814544677734375, 0.00032401084899902344, 0.00034546852111816406, 0.00035262107849121094, 0.00034332275390625, 0.00034928321838378906, 0.0003268718719482422, 0.00034546852111816406, 0.00042128562927246094, 0.00033855438232421875, 0.00031828880310058594, 0.0003647804260253906, 0.00034308433532714844, 0.0003349781036376953, 0.0003368854522705078, 0.00036454200744628906, 0.00033855438232421875, 0.0003402233123779297, 0.00040602684020996094, 0.00032711029052734375, 0.0003974437713623047, 0.0003294944763183594, 0.0003402233123779297, 0.00042247772216796875, 0.0003771781921386719, 0.0003371238708496094, 0.0003485679626464844, 0.0003304481506347656, 0.00037741661071777344, 0.000324249267578125, 0.0003349781036376953, 0.0003368854522705078, 0.00032591819763183594, 0.0003497600555419922, 0.0004794597625732422, 0.0004107952117919922, 0.0003371238708496094, 0.0003190040588378906, 0.0003523826599121094, 0.00032973289489746094, 0.00031876564025878906, 0.0003261566162109375, 0.00033736228942871094, 0.0003440380096435547, 0.0003693103790283203, 0.0003333091735839844, 0.0003504753112792969], "epochs": [9.159767627716064, 5.471300840377808, 5.229586839675903, 5.436173439025879, 5.715581655502319, 5.516272783279419, 5.14384126663208, 5.1710450649261475, 5.26256537437439, 4.901757001876831, 5.438023090362549, 5.220475912094116, 5.517155885696411, 5.50022292137146, 4.833631992340088, 5.258865594863892, 5.522558689117432, 5.521859407424927, 5.011331558227539, 5.344737768173218, 5.22108006477356, 5.275925636291504, 5.326714992523193, 5.422111988067627, 5.027603626251221, 5.517217397689819, 5.522011756896973, 4.938405752182007, 5.2076475620269775, 5.8225226402282715, 5.203378438949585, 5.812270164489746, 4.911824703216553, 5.147943019866943, 5.417280673980713, 5.189849138259888, 6.198081016540527, 4.950430393218994, 5.161822557449341, 5.205538511276245, 5.170075178146362, 5.189733505249023, 6.094951391220093, 5.865161418914795, 5.48088264465332, 5.51726508140564, 6.134000539779663, 4.877111911773682, 5.191059112548828, 4.914863109588623]}}