{"times": {"train": [9.222089767456055, 5.238672733306885, 5.029802083969116, 5.262826681137085, 5.222228765487671, 4.9645676612854, 5.184102773666382, 5.624734401702881, 5.240911483764648, 4.989741086959839, 5.554910659790039, 5.576107740402222, 5.269148826599121, 5.187452077865601, 5.1823108196258545, 5.259775161743164, 4.9422454833984375, 4.879961967468262, 5.569580793380737, 5.25373911857605, 5.22088623046875, 5.515665292739868, 4.94336462020874, 5.195643186569214, 5.817188262939453, 4.873234987258911, 4.952146291732788, 5.529172897338867, 5.204049110412598, 4.95780873298645, 5.7925848960876465, 5.288651466369629, 5.023439884185791, 5.284672021865845, 5.553658962249756, 5.560772895812988, 5.803968906402588, 5.395705223083496, 5.517040491104126, 5.01577091217041, 5.546127557754517, 6.115529537200928, 5.410794258117676, 5.874693870544434, 5.255669355392456, 5.321643352508545, 4.968311071395874, 5.475494384765625, 4.92793607711792, 4.888891220092773], "comm_send": [0.0009295940399169922, 0.0009865760803222656, 0.0009796619415283203, 0.0009212493896484375, 0.0010013580322265625, 0.001008749008178711, 0.6636302471160889, 0.0009589195251464844, 0.0009980201721191406, 0.0010352134704589844, 0.0011031627655029297, 0.0010120868682861328, 0.0009093284606933594, 0.0008761882781982422, 0.0009741783142089844, 0.0009763240814208984, 0.23788857460021973, 0.502509355545044, 0.0009214878082275391, 0.0011067390441894531, 0.0011734962463378906, 0.0009715557098388672, 0.0010249614715576172, 0.0009315013885498047, 0.0009081363677978516, 0.0010190010070800781, 0.17119717597961426, 0.0010077953338623047, 0.0009777545928955078, 0.0009860992431640625, 0.0010516643524169922, 0.05519413948059082, 0.0009770393371582031, 0.0010120868682861328, 0.0010652542114257812, 0.0009455680847167969, 0.0010495185852050781, 0.001024484634399414, 0.0017497539520263672, 0.001073598861694336, 0.0009360313415527344, 0.0009961128234863281, 0.0009486675262451172, 0.0010190010070800781, 0.001081228256225586, 0.0011119842529296875, 0.0009822845458984375, 0.0010349750518798828, 0.0010349750518798828, 0.0009596347808837891], "comm_recv": [0.003530263900756836, 0.004757881164550781, 0.004403591156005859, 0.0037355422973632812, 0.0035088062286376953, 0.004061222076416016, 0.0061626434326171875, 0.003706216812133789, 0.005070924758911133, 0.0038814544677734375, 0.00400543212890625, 0.003932476043701172, 0.008761405944824219, 0.0035376548767089844, 0.0035707950592041016, 0.0038063526153564453, 0.0037338733673095703, 0.003866434097290039, 0.003800630569458008, 0.004314422607421875, 0.0039196014404296875, 0.004202127456665039, 0.003947734832763672, 0.003998994827270508, 0.0036835670471191406, 0.004195213317871094, 0.0037894248962402344, 0.003862142562866211, 0.0037169456481933594, 0.0038716793060302734, 0.004948854446411133, 0.003102540969848633, 0.003907680511474609, 0.003876209259033203, 0.0037353038787841797, 0.003914356231689453, 0.004294395446777344, 0.004124879837036133, 0.0044269561767578125, 0.004307746887207031, 0.004268646240234375, 0.0038614273071289062, 0.0048673152923583984, 0.0037033557891845703, 0.0042226314544677734, 0.0036962032318115234, 0.003445863723754883, 0.004255533218383789, 0.0043070316314697266, 0.003652811050415039], "conv_send": [0.03005194664001465, 0.007432699203491211, 0.007506847381591797, 0.007303476333618164, 0.0073108673095703125, 0.007422924041748047, 0.007185697555541992, 0.0075795650482177734, 0.007386922836303711, 0.007104158401489258, 0.007794618606567383, 0.007439374923706055, 0.007335662841796875, 0.007388591766357422, 0.007138490676879883, 0.007814884185791016, 0.00738525390625, 0.007312774658203125, 0.007549762725830078, 0.007287025451660156, 0.007353544235229492, 0.0077207088470458984, 0.0075321197509765625, 0.007528066635131836, 0.007445096969604492, 0.0073795318603515625, 0.007356405258178711, 0.007538557052612305, 0.007211923599243164, 0.007482051849365234, 0.007685422897338867, 0.006845951080322266, 0.007439374923706055, 0.0074803829193115234, 0.007959365844726562, 0.007296562194824219, 0.007660388946533203, 0.0076944828033447266, 0.008021116256713867, 0.0075953006744384766, 0.007219791412353516, 0.007513761520385742, 0.007386922836303711, 0.00765228271484375, 0.007819890975952148, 0.0075109004974365234, 0.007406473159790039, 0.007385969161987305, 0.007588624954223633, 0.0073299407958984375], "conv_recv": [0.00031757354736328125, 0.0003333091735839844, 0.0003464221954345703, 0.00034308433532714844, 0.0003407001495361328, 0.0003578662872314453, 0.000331878662109375, 0.00034046173095703125, 0.00034165382385253906, 0.0003120899200439453, 0.00033354759216308594, 0.00036644935607910156, 0.00037097930908203125, 0.00033545494079589844, 0.0003256797790527344, 0.00035643577575683594, 0.00035190582275390625, 0.00034356117248535156, 0.0003352165222167969, 0.0003509521484375, 0.00042438507080078125, 0.000331878662109375, 0.0003440380096435547, 0.0004296302795410156, 0.0003402233123779297, 0.0004525184631347656, 0.0003898143768310547, 0.0003457069396972656, 0.0003414154052734375, 0.0004181861877441406, 0.0003407001495361328, 0.00033164024353027344, 0.0004429817199707031, 0.0003445148468017578, 0.0003445148468017578, 0.0003323554992675781, 0.00037670135498046875, 0.00035572052001953125, 0.0003521442413330078, 0.0003502368927001953, 0.0003490447998046875, 0.0003371238708496094, 0.0003407001495361328, 0.00033545494079589844, 0.00045228004455566406, 0.00036406517028808594, 0.0003516674041748047, 0.0003485679626464844, 0.00035834312438964844, 0.0003478527069091797], "epochs": [9.274285554885864, 5.269434452056885, 5.060628652572632, 5.291746616363525, 5.252236843109131, 4.994647026062012, 5.877554655075073, 5.654861927032471, 5.272407293319702, 5.018332004547119, 5.585606098175049, 5.606208801269531, 5.303884267807007, 5.216537714004517, 5.2108235359191895, 5.290475606918335, 5.207907438278198, 5.410380840301514, 5.598870038986206, 5.284294366836548, 5.250445365905762, 5.546631813049316, 4.9735753536224365, 5.226008176803589, 5.846917629241943, 4.90341329574585, 5.151016712188721, 5.559797286987305, 5.2333691120147705, 4.987653732299805, 5.824488162994385, 5.370626926422119, 5.053421497344971, 5.313732147216797, 5.584172964096069, 5.589794397354126, 5.835655927658081, 5.426601409912109, 5.549431085586548, 5.046675205230713, 5.5755486488342285, 6.146189451217651, 5.441131830215454, 5.90411639213562, 5.287597894668579, 5.352859020233154, 4.997997045516968, 5.505725145339966, 4.95908522605896, 4.918002605438232]}}