{"times": {"train": [9.036993741989136, 5.468274354934692, 5.769242763519287, 4.892491102218628, 5.135776042938232, 4.872867584228516, 5.166458606719971, 5.822446346282959, 4.879333972930908, 4.92410945892334, 5.878964185714722, 5.2166993618011475, 5.528475999832153, 5.436149597167969, 4.992516279220581, 4.903076887130737, 5.178820610046387, 5.487332820892334, 6.077605962753296, 5.601999759674072, 5.2043397426605225, 5.726121664047241, 5.097263813018799, 4.858219146728516, 4.878991365432739, 5.116029739379883, 5.16199254989624, 4.871918678283691, 5.175213098526001, 5.2155210971832275, 5.464051246643066, 5.229809522628784, 4.852603435516357, 5.223192453384399, 5.171566009521484, 5.210086107254028, 5.187117338180542, 5.169498682022095, 5.519565105438232, 4.819808721542358, 4.838502883911133, 5.530050277709961, 5.203972101211548, 5.470986843109131, 4.914926290512085, 5.153275012969971, 5.707583665847778, 4.914629936218262, 4.954168319702148, 4.872316360473633], "comm_send": [0.0014185905456542969, 0.0007901191711425781, 0.0009059906005859375, 0.0010800361633300781, 0.0012509822845458984, 0.0008866786956787109, 0.0009357929229736328, 0.0007548332214355469, 0.0010538101196289062, 0.0009703636169433594, 0.0007760524749755859, 0.0008981227874755859, 0.0006682872772216797, 0.0008828639984130859, 0.0009620189666748047, 0.0009109973907470703, 0.0008895397186279297, 0.0007634162902832031, 0.000751495361328125, 0.0007958412170410156, 0.0007472038269042969, 0.0007953643798828125, 0.0009951591491699219, 0.0009353160858154297, 0.0009229183197021484, 0.0010714530944824219, 0.0010023117065429688, 0.0009341239929199219, 0.0008208751678466797, 0.00080108642578125, 0.000812530517578125, 0.0008835792541503906, 0.001188516616821289, 0.0006775856018066406, 0.0008997917175292969, 0.0008273124694824219, 0.0009262561798095703, 0.0007200241088867188, 0.0008912086486816406, 0.0011265277862548828, 0.0010814666748046875, 0.0006456375122070312, 0.000946044921875, 0.0008280277252197266, 0.0008792877197265625, 0.0007774829864501953, 0.0007734298706054688, 0.0008890628814697266, 0.0009293556213378906, 0.0010724067687988281], "comm_recv": [0.6138210296630859, 0.05397796630859375, 0.03327465057373047, 0.6805009841918945, 0.6787958145141602, 0.9289638996124268, 0.5957291126251221, 0.0050046443939208984, 0.7410943508148193, 0.5766170024871826, 0.004637956619262695, 0.29590535163879395, 0.004199981689453125, 0.6577467918395996, 0.42601585388183594, 0.8374857902526855, 0.6051604747772217, 0.31922245025634766, 0.004576921463012695, 0.004146575927734375, 0.359158992767334, 0.09796667098999023, 0.8304221630096436, 0.9232301712036133, 0.979229211807251, 0.3213660717010498, 0.6052124500274658, 1.2309949398040771, 0.6518731117248535, 0.30489325523376465, 0.02036118507385254, 0.3411412239074707, 0.9741926193237305, 0.3214282989501953, 0.5438194274902344, 0.5697462558746338, 0.6556744575500488, 0.11039066314697266, 0.27890801429748535, 0.6743178367614746, 0.6520795822143555, 0.0044744014739990234, 0.8726551532745361, 0.05632829666137695, 0.8715181350708008, 0.35930657386779785, 0.07747006416320801, 0.6018762588500977, 0.48580169677734375, 0.8665802478790283], "conv_send": [0.027543067932128906, 0.006332874298095703, 0.0067653656005859375, 0.007564067840576172, 0.006788969039916992, 0.0067746639251708984, 0.006973981857299805, 0.006722450256347656, 0.007336854934692383, 0.006760120391845703, 0.00665736198425293, 0.006303548812866211, 0.006602764129638672, 0.006263256072998047, 0.006642580032348633, 0.0065267086029052734, 0.0070343017578125, 0.0071141719818115234, 0.006743907928466797, 0.006573200225830078, 0.006411552429199219, 0.0085601806640625, 0.006855964660644531, 0.007212162017822266, 0.007234334945678711, 0.0072972774505615234, 0.006639003753662109, 0.0069963932037353516, 0.00640869140625, 0.006613492965698242, 0.006293535232543945, 0.0069119930267333984, 0.007465362548828125, 0.006369113922119141, 0.006515979766845703, 0.00639653205871582, 0.006807804107666016, 0.006368875503540039, 0.006258249282836914, 0.0071866512298583984, 0.007216930389404297, 0.006878852844238281, 0.0067708492279052734, 0.0064334869384765625, 0.0071980953216552734, 0.006461620330810547, 0.0063364505767822266, 0.006933450698852539, 0.007071733474731445, 0.007395267486572266], "conv_recv": [0.0003058910369873047, 0.0002932548522949219, 0.0002970695495605469, 0.00029754638671875, 0.0003578662872314453, 0.00036406517028808594, 0.0002989768981933594, 0.0002663135528564453, 0.00030303001403808594, 0.0003066062927246094, 0.00024437904357910156, 0.0003304481506347656, 0.00024008750915527344, 0.00029397010803222656, 0.00029730796813964844, 0.0003314018249511719, 0.0002868175506591797, 0.0003228187561035156, 0.0003581047058105469, 0.00027871131896972656, 0.00029206275939941406, 0.0003955364227294922, 0.000316619873046875, 0.00029349327087402344, 0.0003199577331542969, 0.00029206275939941406, 0.00030303001403808594, 0.00029468536376953125, 0.0003190040588378906, 0.00030612945556640625, 0.0003108978271484375, 0.0003020763397216797, 0.0002875328063964844, 0.00031375885009765625, 0.00029969215393066406, 0.00028705596923828125, 0.00029015541076660156, 0.0002944469451904297, 0.0002853870391845703, 0.00031280517578125, 0.00029659271240234375, 0.00024318695068359375, 0.00029587745666503906, 0.0003352165222167969, 0.00029468536376953125, 0.00029277801513671875, 0.00032258033752441406, 0.00029754638671875, 0.000301361083984375, 0.0003287792205810547], "epochs": [9.68928575515747, 5.5388946533203125, 5.819942951202393, 5.591087579727173, 5.8320677280426025, 5.819151878356934, 5.7794880867004395, 5.844257831573486, 5.638221025466919, 5.517800569534302, 5.900233745574951, 5.529243230819702, 5.5491042137146, 6.110370397567749, 5.435480356216431, 5.757396697998047, 5.801396369934082, 5.823833703994751, 6.098931312561035, 5.6223108768463135, 5.580035448074341, 5.843668699264526, 5.945008039474487, 5.798986196517944, 5.875965356826782, 5.4551331996917725, 5.784485340118408, 6.120249509811401, 5.843777656555176, 5.537319660186768, 5.500872373580933, 5.588237524032593, 5.845114231109619, 5.561178922653198, 5.732638597488403, 5.796504259109497, 5.859976291656494, 5.2964255809783936, 5.815054178237915, 5.511916637420654, 5.508425235748291, 5.551384210586548, 6.093746185302734, 5.54414701461792, 5.804039239883423, 5.529269218444824, 5.801527738571167, 5.533903360366821, 5.457510471343994, 5.7570436000823975]}}