{"times": {"train": [9.649012804031372, 5.518218755722046, 5.3838396072387695, 5.559105634689331, 5.246899127960205, 5.7901389598846436, 5.692868709564209, 5.569576263427734, 5.249563932418823, 5.178979873657227, 5.2179505825042725, 5.227668523788452, 5.16833758354187, 5.247107028961182, 5.346452713012695, 4.96864128112793, 5.245222806930542, 4.945788621902466, 4.946919918060303, 5.222977161407471, 4.978673696517944, 5.014641046524048, 5.069844961166382, 5.69564962387085, 5.003321170806885, 5.292275905609131, 5.762803554534912, 5.53296422958374, 5.024538993835449, 5.286829710006714, 5.4809534549713135, 4.9006288051605225, 5.3263678550720215, 5.3588902950286865, 5.064501523971558, 5.353774547576904, 5.585788011550903, 5.042273759841919, 5.204782962799072, 4.98218560218811, 5.441141128540039, 5.244166374206543, 5.296070098876953, 5.521650791168213, 5.288678169250488, 5.128484487533569, 5.350607872009277, 5.283252239227295, 5.34144401550293, 5.54638409614563], "comm_send": [0.0007569789886474609, 0.0006682872772216797, 0.0009510517120361328, 0.0006933212280273438, 0.0008592605590820312, 0.0012536048889160156, 0.0007419586181640625, 0.0007674694061279297, 0.0008106231689453125, 0.000675201416015625, 0.0008182525634765625, 0.0006749629974365234, 0.0008959770202636719, 0.0009481906890869141, 0.000827789306640625, 0.0009133815765380859, 0.0008006095886230469, 0.0024967193603515625, 0.0010824203491210938, 0.0007967948913574219, 0.0008761882781982422, 0.0009570121765136719, 0.0008761882781982422, 0.0008187294006347656, 0.0008878707885742188, 0.0008525848388671875, 0.0008759498596191406, 0.0008208751678466797, 0.0009734630584716797, 0.000789642333984375, 0.0006823539733886719, 0.0009706020355224609, 0.0009260177612304688, 0.0008385181427001953, 0.000978708267211914, 0.0008213520050048828, 0.0006690025329589844, 0.0010027885437011719, 0.0013859272003173828, 0.0008907318115234375, 0.0008213520050048828, 0.0007796287536621094, 0.0009903907775878906, 0.0007116794586181641, 0.0009601116180419922, 0.0008614063262939453, 0.0007948875427246094, 0.0008685588836669922, 0.0009655952453613281, 0.0008423328399658203], "comm_recv": [0.004485130310058594, 0.004904031753540039, 0.41791701316833496, 0.015405416488647461, 0.566450834274292, 0.010915040969848633, 0.06992673873901367, 0.25713157653808594, 0.3712170124053955, 0.3220655918121338, 0.6653621196746826, 0.2847714424133301, 0.36438822746276855, 0.8456442356109619, 0.0715947151184082, 0.7721803188323975, 0.5374410152435303, 0.8587853908538818, 1.1345782279968262, 0.4035181999206543, 0.5625107288360596, 0.8107771873474121, 0.8577146530151367, 0.08669066429138184, 0.8544998168945312, 0.14514780044555664, 0.003601551055908203, 0.5714395046234131, 0.8024005889892578, 0.23315167427062988, 0.003368854522705078, 0.6705706119537354, 0.5009403228759766, 0.18520092964172363, 0.6502964496612549, 0.4259326457977295, 0.25671815872192383, 0.23765969276428223, 0.5926501750946045, 0.511345624923706, 0.05129861831665039, 0.28968238830566406, 0.78041672706604, 0.0044040679931640625, 0.4988703727722168, 0.38263487815856934, 0.43437933921813965, 0.23336505889892578, 0.09823989868164062, 0.19259333610534668], "conv_send": [0.025239944458007812, 0.006513118743896484, 0.0067059993743896484, 0.007054567337036133, 0.006993770599365234, 0.00652623176574707, 0.006861686706542969, 0.006363868713378906, 0.00703883171081543, 0.0065844058990478516, 0.0065424442291259766, 0.006445884704589844, 0.0067064762115478516, 0.0067424774169921875, 0.00686335563659668, 0.006652116775512695, 0.006804943084716797, 0.0070455074310302734, 0.0071315765380859375, 0.00665736198425293, 0.0068454742431640625, 0.00666499137878418, 0.0072519779205322266, 0.006344795227050781, 0.007384538650512695, 0.006501674652099609, 0.00661778450012207, 0.006873369216918945, 0.007020473480224609, 0.0064890384674072266, 0.006337404251098633, 0.006884098052978516, 0.006945610046386719, 0.006337404251098633, 0.006950855255126953, 0.006438493728637695, 0.006898164749145508, 0.006887912750244141, 0.006726264953613281, 0.006920814514160156, 0.00652003288269043, 0.006716728210449219, 0.006858348846435547, 0.006499767303466797, 0.006866931915283203, 0.0066602230072021484, 0.0064239501953125, 0.006962776184082031, 0.006645679473876953, 0.006955623626708984], "conv_recv": [0.0002853870391845703, 0.0002593994140625, 0.00030684471130371094, 0.0002617835998535156, 0.00030303001403808594, 0.0005109310150146484, 0.00033354759216308594, 0.0006773471832275391, 0.0003058910369873047, 0.0003058910369873047, 0.0002970695495605469, 0.00034308433532714844, 0.0003504753112792969, 0.0003898143768310547, 0.00029850006103515625, 0.00030612945556640625, 0.0003292560577392578, 0.0003020763397216797, 0.0003578662872314453, 0.00030517578125, 0.0003020763397216797, 0.00039505958557128906, 0.0003001689910888672, 0.0002770423889160156, 0.0002982616424560547, 0.00030684471130371094, 0.00026917457580566406, 0.00029659271240234375, 0.00029969215393066406, 0.00030875205993652344, 0.00023651123046875, 0.0003714561462402344, 0.0003197193145751953, 0.0003123283386230469, 0.00031065940856933594, 0.0002963542938232422, 0.00028586387634277344, 0.0003266334533691406, 0.0003037452697753906, 0.000335693359375, 0.0003063678741455078, 0.00030040740966796875, 0.0003001689910888672, 0.00025582313537597656, 0.00030875205993652344, 0.0003037452697753906, 0.0003066062927246094, 0.00031113624572753906, 0.00035381317138671875, 0.0003020763397216797], "epochs": [9.689178466796875, 5.540063858032227, 5.819202899932861, 5.591909885406494, 5.830991506576538, 5.818936109542847, 5.780004024505615, 5.844019889831543, 5.63826847076416, 5.5179362297058105, 5.900271415710449, 5.529278039932251, 5.550025463104248, 6.110186338424683, 5.435303688049316, 5.758082866668701, 5.800090789794922, 5.823836803436279, 6.0994884967803955, 5.6436378955841064, 5.558449029922485, 5.842994928359985, 5.945278167724609, 5.798926591873169, 5.875888109207153, 5.4544384479522705, 5.7834320068359375, 6.121697902679443, 5.844560384750366, 5.537048101425171, 5.500678777694702, 5.588809251785278, 5.844925165176392, 5.560878753662109, 5.732603073120117, 5.796538352966309, 5.859630346298218, 5.297529697418213, 5.815229415893555, 5.511061668395996, 5.509470462799072, 5.551042318344116, 6.093973159790039, 5.542803764343262, 5.805059432983398, 5.528340816497803, 5.80190634727478, 5.534122467041016, 5.4570395946502686, 5.756783962249756]}}