{"times": {"train": [8.728696346282959, 5.219627857208252, 4.887784481048584, 5.49702787399292, 5.449704885482788, 4.976469993591309, 5.75816011428833, 4.898441553115845, 5.226387977600098, 4.812721252441406, 5.43711256980896, 4.879658937454224, 4.8822877407073975, 5.698503732681274, 4.867526292800903, 4.848083019256592, 4.839998960494995, 5.461087942123413, 5.4167115688323975, 4.851212501525879, 5.536821603775024, 4.901654481887817, 5.216055870056152, 5.566587448120117, 5.290605306625366, 5.197713136672974, 5.216132640838623, 5.180630445480347, 4.947732448577881, 5.455338001251221, 4.9873270988464355, 5.145986318588257, 5.823650121688843, 5.168469429016113, 4.8226518630981445, 4.938710451126099, 5.313043832778931, 4.968506097793579, 4.907445669174194, 5.488945245742798, 5.17867112159729, 5.199317693710327, 5.720473289489746, 4.8579864501953125, 5.5312275886535645, 5.507353067398071, 4.8606531620025635, 5.51272439956665, 5.438260793685913, 5.250398397445679], "comm_send": [0.0011157989501953125, 0.0009386539459228516, 0.0010840892791748047, 0.0008256435394287109, 0.0008089542388916016, 0.0008909702301025391, 0.0006999969482421875, 0.0011172294616699219, 0.0007901191711425781, 0.00103759765625, 0.0008089542388916016, 0.0012271404266357422, 0.0010521411895751953, 0.0007879734039306641, 0.0009341239929199219, 0.0009562969207763672, 0.0010149478912353516, 0.0007870197296142578, 0.0007507801055908203, 0.0009932518005371094, 0.0007228851318359375, 0.0009381771087646484, 0.0009126663208007812, 0.0008904933929443359, 0.0008611679077148438, 0.0008833408355712891, 0.0008628368377685547, 0.0008280277252197266, 0.000957489013671875, 0.0008084774017333984, 0.001066446304321289, 0.0009365081787109375, 0.0008742809295654297, 0.0009028911590576172, 0.001291036605834961, 0.0009851455688476562, 0.0008323192596435547, 0.000995635986328125, 0.000965118408203125, 0.0006563663482666016, 0.0008425712585449219, 0.0008363723754882812, 0.0007855892181396484, 0.001168966293334961, 0.0008685588836669922, 0.0008029937744140625, 0.0009756088256835938, 0.0007104873657226562, 0.0007691383361816406, 0.0009326934814453125], "comm_recv": [0.920036792755127, 0.3026101589202881, 0.9138913154602051, 0.07808446884155273, 0.36577486991882324, 0.8264880180358887, 0.0034139156341552734, 0.9297008514404297, 0.39357972145080566, 0.6883711814880371, 0.4463996887207031, 0.6323256492614746, 0.6501071453094482, 0.39539456367492676, 0.550929069519043, 0.8923017978668213, 0.9425194263458252, 0.34611010551452637, 0.6661057472229004, 0.7758660316467285, 0.004324197769165039, 0.9243285655975342, 0.711338996887207, 0.21589207649230957, 0.5684096813201904, 0.23965096473693848, 0.5521295070648193, 0.9224090576171875, 0.8799874782562256, 0.06490516662597656, 0.4969971179962158, 0.4247455596923828, 0.0035724639892578125, 0.3763153553009033, 0.8916318416595459, 0.840956449508667, 0.5315351486206055, 0.3098459243774414, 0.8906304836273193, 0.005774497985839844, 0.3141961097717285, 0.33505725860595703, 0.3571350574493408, 0.6674854755401611, 0.2564125061035156, 0.0038449764251708984, 0.9244241714477539, 0.003098726272583008, 0.003908634185791016, 0.4905061721801758], "conv_send": [0.03146052360534668, 0.006679534912109375, 0.006911516189575195, 0.0061872005462646484, 0.006160736083984375, 0.00619196891784668, 0.00658869743347168, 0.007146358489990234, 0.007170915603637695, 0.0069196224212646484, 0.006104707717895508, 0.007109880447387695, 0.00685429573059082, 0.006219148635864258, 0.007059574127197266, 0.006623983383178711, 0.007021903991699219, 0.0065746307373046875, 0.0061762332916259766, 0.006928920745849609, 0.006644010543823242, 0.0067005157470703125, 0.006436586380004883, 0.006179332733154297, 0.006889820098876953, 0.006798982620239258, 0.006476402282714844, 0.006336212158203125, 0.007143974304199219, 0.006216526031494141, 0.006913661956787109, 0.0063018798828125, 0.006804704666137695, 0.006640911102294922, 0.006860971450805664, 0.00707554817199707, 0.006373167037963867, 0.007077455520629883, 0.006899595260620117, 0.006201028823852539, 0.006491899490356445, 0.006444215774536133, 0.006263256072998047, 0.00722813606262207, 0.006774187088012695, 0.006711483001708984, 0.007009267807006836, 0.00671076774597168, 0.006139278411865234, 0.006402254104614258], "conv_recv": [0.0003018379211425781, 0.0002887248992919922, 0.00029659271240234375, 0.0003101825714111328, 0.00029015541076660156, 0.00035881996154785156, 0.00022912025451660156, 0.0003108978271484375, 0.0003097057342529297, 0.0002949237823486328, 0.0002865791320800781, 0.0003428459167480469, 0.00029587745666503906, 0.0002932548522949219, 0.0002980232238769531, 0.0002994537353515625, 0.0002872943878173828, 0.00031876564025878906, 0.0002925395965576172, 0.00030422210693359375, 0.00023102760314941406, 0.0006620883941650391, 0.00029730796813964844, 0.0003020763397216797, 0.0002949237823486328, 0.0003037452697753906, 0.00030493736267089844, 0.00028896331787109375, 0.000301361083984375, 0.0003421306610107422, 0.0003561973571777344, 0.0003058910369873047, 0.0002658367156982422, 0.00029277801513671875, 0.00029349327087402344, 0.0002872943878173828, 0.0002880096435546875, 0.0002930164337158203, 0.00029659271240234375, 0.0002334117889404297, 0.0002961158752441406, 0.00034165382385253906, 0.0002951622009277344, 0.00030040740966796875, 0.00029778480529785156, 0.00024056434631347656, 0.0002911090850830078, 0.00023412704467773438, 0.00023889541625976562, 0.00029778480529785156], "epochs": [9.690735578536987, 5.539196014404297, 5.819065570831299, 5.591408967971802, 5.8317954540252686, 5.819660902023315, 5.777849912643433, 5.845792770385742, 5.637232303619385, 5.518472671508789, 5.8999786376953125, 5.529751300811768, 5.549677610397339, 6.110198736190796, 5.435861825942993, 5.75733208656311, 5.800018787384033, 5.823895454406738, 6.099011182785034, 5.644385814666748, 5.557727336883545, 5.8445844650268555, 5.9441211223602295, 5.798829078674316, 5.876316785812378, 5.454343795776367, 5.785161018371582, 6.11948037147522, 5.8452699184417725, 5.536675453186035, 5.501671075820923, 5.587373971939087, 5.84414529800415, 5.561769962310791, 5.7320556640625, 5.7970781326293945, 5.861120223999023, 5.295774459838867, 5.815224885940552, 5.510831356048584, 5.5096189975738525, 5.551077604293823, 6.093980550765991, 5.543241500854492, 5.804640531539917, 5.5278685092926025, 5.80240535736084, 5.532195329666138, 5.458265781402588, 5.75771689414978]}}