{"times": {"train": [8.864623069763184, 4.863918304443359, 5.798480033874512, 5.250224590301514, 5.809550046920776, 4.902946710586548, 5.750975847244263, 5.28520131111145, 5.453007698059082, 5.206287145614624, 5.188946485519409, 5.18456506729126, 4.995074510574341, 5.150577783584595, 5.165459394454956, 5.1917290687561035, 5.264819383621216, 5.20599102973938, 5.135447263717651, 4.878894805908203, 5.015974521636963, 5.515862941741943, 5.705910921096802, 5.263259649276733, 5.22824239730835, 5.307985782623291, 5.445434093475342, 5.51080846786499, 5.558660507202148, 5.5153303146362305, 4.995845317840576, 5.536296844482422, 5.492624282836914, 5.177871227264404, 5.1880011558532715, 4.999012470245361, 5.132742404937744, 5.274339199066162, 4.922313213348389, 5.482640743255615, 5.300862073898315, 4.961925268173218, 5.750206708908081, 5.205149412155151, 5.783053159713745, 5.3678154945373535, 5.231144189834595, 5.198390483856201, 4.890336513519287, 5.735337018966675], "comm_send": [0.0009055137634277344, 0.001094818115234375, 0.0007281303405761719, 0.0009083747863769531, 0.0009419918060302734, 0.0008764266967773438, 0.0006966590881347656, 0.0009286403656005859, 0.0008521080017089844, 0.0008380413055419922, 0.0009160041809082031, 0.0008590221405029297, 0.0008788108825683594, 0.000904083251953125, 0.0010094642639160156, 0.0008809566497802734, 0.0008406639099121094, 0.0009596347808837891, 0.0011126995086669922, 0.0011930465698242188, 0.0009021759033203125, 0.000812530517578125, 0.0007574558258056641, 0.0008175373077392578, 0.0007545948028564453, 0.0007381439208984375, 0.0008127689361572266, 0.0008335113525390625, 0.0008008480072021484, 0.0007710456848144531, 0.000942230224609375, 0.0008969306945800781, 0.0007965564727783203, 0.0009570121765136719, 0.0008559226989746094, 0.0010917186737060547, 0.0010213851928710938, 0.0007443428039550781, 0.0009684562683105469, 0.0008413791656494141, 0.0008554458618164062, 0.0008771419525146484, 0.0006771087646484375, 0.0008864402770996094, 0.0007469654083251953, 0.0007965564727783203, 0.0009436607360839844, 0.0009732246398925781, 0.0010988712310791016, 0.0008051395416259766], "comm_recv": [0.7837812900543213, 0.6574735641479492, 0.004150390625, 0.3250577449798584, 0.004437685012817383, 0.8990018367767334, 0.011550188064575195, 0.5434870719909668, 0.16779732704162598, 0.29540085792541504, 0.6935174465179443, 0.3284440040588379, 0.5367810726165771, 0.9422338008880615, 0.2530844211578369, 0.5490419864654541, 0.5183265209197998, 0.6013162136077881, 0.9473268985748291, 0.7468805313110352, 0.5252461433410645, 0.31015658378601074, 0.2228853702545166, 0.5183513164520264, 0.6315591335296631, 0.127777099609375, 0.3228647708892822, 0.592238187789917, 0.2688474655151367, 0.00504302978515625, 0.4886746406555176, 0.034186601638793945, 0.33634257316589355, 0.3650515079498291, 0.5275459289550781, 0.7804074287414551, 0.7101256847381592, 0.0048673152923583984, 0.8752453327178955, 0.012054681777954102, 0.19140625, 0.571387767791748, 0.3270418643951416, 0.3209056854248047, 0.004225015640258789, 0.14545345306396484, 0.5522356033325195, 0.3191382884979248, 0.5487089157104492, 0.003748178482055664], "conv_send": [0.030524492263793945, 0.007252693176269531, 0.006134986877441406, 0.006768465042114258, 0.006740093231201172, 0.006683826446533203, 0.006670713424682617, 0.0066280364990234375, 0.006193399429321289, 0.00627899169921875, 0.006874561309814453, 0.006789684295654297, 0.006852149963378906, 0.006952047348022461, 0.006456613540649414, 0.00685429573059082, 0.00642085075378418, 0.0062408447265625, 0.006762266159057617, 0.006924152374267578, 0.0066373348236083984, 0.0067217350006103516, 0.006300687789916992, 0.006454944610595703, 0.006630420684814453, 0.006378889083862305, 0.006439924240112305, 0.0068492889404296875, 0.006322145462036133, 0.006220102310180664, 0.007254123687744141, 0.00676417350769043, 0.006372690200805664, 0.006734609603881836, 0.006783723831176758, 0.007047414779663086, 0.007038116455078125, 0.006854534149169922, 0.00707697868347168, 0.006260871887207031, 0.006912708282470703, 0.007035017013549805, 0.006740570068359375, 0.007032155990600586, 0.006318092346191406, 0.0064144134521484375, 0.006737947463989258, 0.006832122802734375, 0.007366180419921875, 0.006344795227050781], "conv_recv": [0.0002970695495605469, 0.00029397010803222656, 0.0002837181091308594, 0.0003571510314941406, 0.00029015541076660156, 0.0002999305725097656, 0.00023746490478515625, 0.0002918243408203125, 0.0002808570861816406, 0.0002968311309814453, 0.0002944469451904297, 0.00030732154846191406, 0.00028705596923828125, 0.00029015541076660156, 0.00031256675720214844, 0.00030112266540527344, 0.0002887248992919922, 0.0003097057342529297, 0.0003178119659423828, 0.0003001689910888672, 0.0002942085266113281, 0.0003223419189453125, 0.00030493736267089844, 0.0002961158752441406, 0.00036907196044921875, 0.0002994537353515625, 0.0003018379211425781, 0.00029659271240234375, 0.0002963542938232422, 0.0002422332763671875, 0.00029778480529785156, 0.00028705596923828125, 0.00030040740966796875, 0.00029015541076660156, 0.0003020763397216797, 0.00031185150146484375, 0.00029540061950683594, 0.0002789497375488281, 0.00029540061950683594, 0.0002505779266357422, 0.0003046989440917969, 0.0002942085266113281, 0.00029540061950683594, 0.0003032684326171875, 0.00023865699768066406, 0.0002970695495605469, 0.00028967857360839844, 0.00035262107849121094, 0.0002968311309814453, 0.00023126602172851562], "epochs": [9.689271450042725, 5.539210557937622, 5.818778991699219, 5.592424392700195, 5.831043243408203, 5.819128751754761, 5.779102087020874, 5.845728158950806, 5.637280464172363, 5.5184924602508545, 5.899803400039673, 5.530145883560181, 5.549241065979004, 6.110121488571167, 5.435496091842651, 5.757948398590088, 5.799973011016846, 5.823959827423096, 6.1002891063690186, 5.643418073654175, 5.558223724365234, 5.843335390090942, 5.945318937301636, 5.798417329788208, 5.87821102142334, 5.452363967895508, 5.785425901412964, 6.120250463485718, 5.844147682189941, 5.536565542221069, 5.502159118652344, 5.5875184535980225, 5.845656156539917, 5.5601561069488525, 5.73285174369812, 5.796968698501587, 5.8604066371917725, 5.2961695194244385, 5.815118312835693, 5.511108875274658, 5.509639501571655, 5.550741672515869, 6.094191074371338, 5.543615341186523, 5.803614616394043, 5.53002142906189, 5.800628423690796, 5.534927129745483, 5.45702600479126, 5.755511522293091]}}