{"times": {"train": [9.044231176376343, 5.315947771072388, 5.592442035675049, 4.953550577163696, 5.1561665534973145, 4.947981834411621, 5.327704191207886, 5.521601438522339, 5.224871873855591, 5.498230457305908, 4.918791055679321, 5.494647264480591, 5.186205148696899, 6.089709043502808, 4.998311281204224, 5.7374231815338135, 4.921051263809204, 4.946403503417969, 5.590019702911377, 4.939316034317017, 4.920206785202026, 5.523777723312378, 5.9246861934661865, 5.146362543106079, 5.855788707733154, 5.429418325424194, 4.939235687255859, 4.993279218673706, 4.911060094833374, 5.222511053085327, 5.165610313415527, 5.566438913345337, 5.506161212921143, 5.5396575927734375, 5.418853521347046, 5.776422023773193, 4.879452705383301, 5.216204881668091, 5.098088502883911, 5.171999454498291, 5.181499242782593, 4.8777899742126465, 6.072824716567993, 5.288598299026489, 5.491819620132446, 4.896711111068726, 5.14151668548584, 5.50496506690979, 5.218744277954102, 4.955678939819336], "comm_send": [0.0007243156433105469, 0.0009164810180664062, 0.0008585453033447266, 0.0009427070617675781, 0.0008614063262939453, 0.000919342041015625, 0.0008730888366699219, 0.0008134841918945312, 0.0008101463317871094, 0.0008096694946289062, 0.0009319782257080078, 0.0007131099700927734, 0.0008749961853027344, 0.0008172988891601562, 0.0008699893951416016, 0.0007917881011962891, 0.0009644031524658203, 0.0009560585021972656, 0.0008137226104736328, 0.0017704963684082031, 0.0008928775787353516, 0.0006253719329833984, 0.0007293224334716797, 0.0018205642700195312, 0.0007607936859130859, 0.000812530517578125, 0.0009927749633789062, 0.0009982585906982422, 0.0009703636169433594, 0.0007565021514892578, 0.0008938312530517578, 0.0007295608520507812, 0.0007150173187255859, 0.0006740093231201172, 0.0008020401000976562, 0.0007359981536865234, 0.0010428428649902344, 0.0008227825164794922, 0.0010395050048828125, 0.0009486675262451172, 0.0007255077362060547, 0.001066446304321289, 0.0007245540618896484, 0.0009126663208007812, 0.0020475387573242188, 0.0011663436889648438, 0.0010137557983398438, 0.0007598400115966797, 0.0008335113525390625, 0.00093841552734375], "comm_recv": [0.6063327789306641, 0.20638012886047363, 0.21044468879699707, 0.6216630935668945, 0.6582398414611816, 0.8538570404052734, 0.4344444274902344, 0.30600929260253906, 0.3953688144683838, 0.0035839080810546875, 0.9647946357727051, 0.01749134063720703, 0.34655117988586426, 0.0034215450286865234, 0.42066073417663574, 0.003452301025390625, 0.8624365329742432, 0.8603823184967041, 0.49242305755615234, 0.6653571128845215, 0.6412429809570312, 0.301647424697876, 0.0040740966796875, 0.6337530612945557, 0.0037603378295898438, 0.008893251419067383, 0.8274614810943604, 1.1107487678527832, 0.9144279956817627, 0.29840660095214844, 0.31908202171325684, 0.0035665035247802734, 0.32353782653808594, 0.0034928321838378906, 0.2976348400115967, 0.0034744739532470703, 0.964282751083374, 0.06288671493530273, 0.7006375789642334, 0.3226048946380615, 0.3115522861480713, 0.6542038917541504, 0.0036110877990722656, 0.23905181884765625, 0.29407763481140137, 0.6148715019226074, 0.6420340538024902, 0.012586355209350586, 0.22195100784301758, 0.7848222255706787], "conv_send": [0.027593135833740234, 0.006322145462036133, 0.00670313835144043, 0.0070154666900634766, 0.006559610366821289, 0.0067005157470703125, 0.0064737796783447266, 0.0062448978424072266, 0.0064733028411865234, 0.006246089935302734, 0.006967067718505859, 0.0068187713623046875, 0.006888628005981445, 0.006403684616088867, 0.0067386627197265625, 0.006269216537475586, 0.007283687591552734, 0.007024049758911133, 0.006769657135009766, 0.006540775299072266, 0.007308006286621094, 0.0067517757415771484, 0.0075185298919677734, 0.006777524948120117, 0.006776094436645508, 0.006279945373535156, 0.007333040237426758, 0.00664520263671875, 0.006990194320678711, 0.006556987762451172, 0.006770133972167969, 0.006251811981201172, 0.0062367916107177734, 0.006761312484741211, 0.00627899169921875, 0.006608009338378906, 0.0071468353271484375, 0.006297111511230469, 0.006775856018066406, 0.006866455078125, 0.006625175476074219, 0.0074536800384521484, 0.006677150726318359, 0.006819248199462891, 0.0065228939056396484, 0.007103443145751953, 0.006765604019165039, 0.006245851516723633, 0.006610870361328125, 0.006924152374267578], "conv_recv": [0.0003418922424316406, 0.0002894401550292969, 0.0002932548522949219, 0.0002987384796142578, 0.0002970695495605469, 0.00038170814514160156, 0.0002884864807128906, 0.00031280517578125, 0.0002875328063964844, 0.00023293495178222656, 0.00029158592224121094, 0.0002357959747314453, 0.000293731689453125, 0.00023055076599121094, 0.00028824806213378906, 0.00023102760314941406, 0.00030732154846191406, 0.00032448768615722656, 0.0002899169921875, 0.0003349781036376953, 0.0002899169921875, 0.0002722740173339844, 0.00026607513427734375, 0.00029206275939941406, 0.00022935867309570312, 0.0002391338348388672, 0.00038242340087890625, 0.00028967857360839844, 0.00028705596923828125, 0.00029969215393066406, 0.00029730796813964844, 0.00022864341735839844, 0.0003070831298828125, 0.00022745132446289062, 0.00034880638122558594, 0.00022792816162109375, 0.0002834796905517578, 0.0002663135528564453, 0.0003070831298828125, 0.0002963542938232422, 0.00029206275939941406, 0.0002923011779785156, 0.00022482872009277344, 0.00030040740966796875, 0.0002930164337158203, 0.0003504753112792969, 0.0002951622009277344, 0.0002415180206298828, 0.00031828880310058594, 0.0002911090850830078], "epochs": [9.688421487808228, 5.5392234325408936, 5.820089340209961, 5.592670917510986, 5.831350803375244, 5.819485425949097, 5.778999328613281, 5.844125747680664, 5.63707709312439, 5.517969369888306, 5.901108503341675, 5.528997182846069, 5.549973011016846, 6.1095006465911865, 5.436061143875122, 5.757054090499878, 5.801317453384399, 5.824288845062256, 6.0994789600372314, 5.622338771820068, 5.579187393188477, 5.842556715011597, 5.946398973464966, 5.798205852508545, 5.8765363693237305, 5.45452356338501, 5.785183668136597, 6.121174335479736, 5.843134164810181, 5.537707567214966, 5.501835823059082, 5.586068153381348, 5.846267938613892, 5.559838771820068, 5.733153343200684, 5.796286344528198, 5.8612964153289795, 5.295441389083862, 5.815955400466919, 5.511875629425049, 5.509920120239258, 5.549900531768799, 6.092845916748047, 5.544857025146484, 5.804002046585083, 5.529551267623901, 5.800731897354126, 5.5338053703308105, 5.457598924636841, 5.7579874992370605]}}