{"times": {"train": [8.877461433410645, 5.497872829437256, 5.503329277038574, 4.99791145324707, 5.184266805648804, 4.774522304534912, 5.25878381729126, 5.5023133754730225, 5.166095733642578, 5.167906284332275, 5.13213038444519, 5.185831785202026, 5.41820502281189, 5.665207624435425, 4.8460283279418945, 5.071641206741333, 5.779081106185913, 5.135868310928345, 5.399719476699829, 4.851948499679565, 5.14136528968811, 5.821568012237549, 5.1766581535339355, 5.777368068695068, 5.4033355712890625, 5.207203388214111, 5.108713626861572, 5.728797435760498, 5.140676975250244, 5.07378363609314, 5.071630477905273, 4.798711538314819, 5.414569854736328, 5.4669108390808105, 5.550763368606567, 5.147296667098999, 5.839008331298828, 5.165778636932373, 5.738919973373413, 4.857561111450195, 5.084179401397705, 5.468909502029419, 5.679665803909302, 5.154059410095215, 5.601059675216675, 4.914410352706909, 5.779783725738525, 5.243833541870117, 5.152270317077637, 5.430105686187744], "comm_send": [0.0009312629699707031, 0.0007967948913574219, 0.0009045600891113281, 0.0009312629699707031, 0.0008547306060791016, 0.0015785694122314453, 0.0009462833404541016, 0.0010194778442382812, 0.0009157657623291016, 0.0009717941284179688, 0.0009963512420654297, 0.0015363693237304688, 0.0009205341339111328, 0.0008749961853027344, 0.0010874271392822266, 0.0009944438934326172, 0.0007815361022949219, 0.0015823841094970703, 0.0008852481842041016, 0.0022020339965820312, 0.0009353160858154297, 0.0008146762847900391, 0.0010106563568115234, 0.0007650852203369141, 0.0009436607360839844, 0.0009708404541015625, 0.0011749267578125, 0.0008461475372314453, 0.001127481460571289, 0.001148223876953125, 0.0008928775787353516, 0.0010833740234375, 0.0009505748748779297, 0.0007894039154052734, 0.0009095668792724609, 0.0008332729339599609, 0.000812530517578125, 0.0008556842803955078, 0.0007739067077636719, 0.0010352134704589844, 0.0009832382202148438, 0.0008339881896972656, 0.0008668899536132812, 0.0009417533874511719, 0.0008411407470703125, 0.001071929931640625, 0.0007750988006591797, 0.0009181499481201172, 0.0009741783142089844, 0.0010600090026855469], "comm_recv": [0.7735307216644287, 0.0245516300201416, 0.29929089546203613, 0.5768682956695557, 0.6310422420501709, 1.026757001876831, 0.5038948059082031, 0.3254692554473877, 0.45525646209716797, 0.3337819576263428, 0.7522091865539551, 0.326000452041626, 0.11552286148071289, 0.4285426139831543, 0.5722339153289795, 0.6694269180297852, 0.004538297653198242, 0.6716427803039551, 0.6837129592895508, 0.7737231254577637, 0.40046238899230957, 0.004509687423706055, 0.7536370754241943, 0.0048410892486572266, 0.4574098587036133, 0.23096585273742676, 0.6588647365570068, 0.3751540184020996, 0.6878092288970947, 0.44538068771362305, 0.41416144371032715, 0.7710525989532471, 0.4147958755493164, 0.07743239402770996, 0.16496920585632324, 0.6334855556488037, 0.0038039684295654297, 0.1163177490234375, 0.06007814407348633, 0.6369802951812744, 0.4083516597747803, 0.06560158729553223, 0.3990609645843506, 0.37267398834228516, 0.18775391578674316, 0.5980117321014404, 0.004724025726318359, 0.2741081714630127, 0.2880542278289795, 0.31050753593444824], "conv_send": [0.029474496841430664, 0.006445169448852539, 0.006543636322021484, 0.0067179203033447266, 0.00612330436706543, 0.006800413131713867, 0.006627559661865234, 0.0064983367919921875, 0.006398439407348633, 0.0061681270599365234, 0.006116628646850586, 0.006208181381225586, 0.006078958511352539, 0.0064182281494140625, 0.006856679916381836, 0.006604433059692383, 0.00630640983581543, 0.006311893463134766, 0.005999326705932617, 0.00672459602355957, 0.006587028503417969, 0.006285667419433594, 0.0062367916107177734, 0.0063571929931640625, 0.006036281585693359, 0.0062923431396484375, 0.006577253341674805, 0.00628972053527832, 0.0061872005462646484, 0.006676673889160156, 0.006286144256591797, 0.00694584846496582, 0.00630497932434082, 0.006455421447753906, 0.006489276885986328, 0.006334066390991211, 0.006323575973510742, 0.0059702396392822266, 0.0063610076904296875, 0.006856203079223633, 0.006414890289306641, 0.005976438522338867, 0.006117820739746094, 0.0066051483154296875, 0.006015777587890625, 0.006470680236816406, 0.006417036056518555, 0.005994319915771484, 0.006463527679443359, 0.0068166255950927734], "conv_recv": [0.0002875328063964844, 0.0002655982971191406, 0.000286102294921875, 0.0002872943878173828, 0.0002872943878173828, 0.0003383159637451172, 0.0002827644348144531, 0.0003173351287841797, 0.00028705596923828125, 0.0002887248992919922, 0.0003769397735595703, 0.00030517578125, 0.00029349327087402344, 0.00028514862060546875, 0.00032973289489746094, 0.0002932548522949219, 0.0002319812774658203, 0.0002911090850830078, 0.00031113624572753906, 0.0002903938293457031, 0.0002846717834472656, 0.000225067138671875, 0.00028228759765625, 0.00022983551025390625, 0.00028705596923828125, 0.00028324127197265625, 0.0002961158752441406, 0.0002841949462890625, 0.00028061866760253906, 0.0002868175506591797, 0.0002834796905517578, 0.00028395652770996094, 0.00028586387634277344, 0.00027871131896972656, 0.00028967857360839844, 0.0002815723419189453, 0.00021767616271972656, 0.00028324127197265625, 0.0002906322479248047, 0.0003609657287597656, 0.000293731689453125, 0.0002605915069580078, 0.00028777122497558594, 0.000308990478515625, 0.0002918243408203125, 0.00031757354736328125, 0.00023818016052246094, 0.0002887248992919922, 0.00028705596923828125, 0.0003795623779296875], "epochs": [9.690632343292236, 5.53873872756958, 5.8192973136901855, 5.591647148132324, 5.831444978713989, 5.819046974182129, 5.779364824295044, 5.844569206237793, 5.637813091278076, 5.517978668212891, 5.90062141418457, 5.528721332550049, 5.549824237823486, 6.110111951828003, 5.435331106185913, 5.7577595710754395, 5.799653053283691, 5.824486494064331, 6.099275588989258, 5.643591403961182, 5.558333873748779, 5.842379570007324, 5.946516990661621, 5.798046350479126, 5.876853942871094, 5.454361200332642, 5.7847208976745605, 6.120081186294556, 5.844992399215698, 5.536090135574341, 5.502006530761719, 5.586860179901123, 5.845736980438232, 5.560542583465576, 5.732439279556274, 5.796881914138794, 5.858588218688965, 5.2979514598846436, 5.814916372299194, 5.511639356613159, 5.509073734283447, 5.550208568572998, 6.094805002212524, 5.54342246055603, 5.804780721664429, 5.529113531112671, 5.800641059875488, 5.534107208251953, 5.456856727600098, 5.75791072845459]}}