{"times": {"train": [9.525785684585571, 5.256811618804932, 5.7787089347839355, 5.510140419006348, 5.1343913078308105, 5.476168870925903, 5.202617168426514, 5.447943687438965, 5.615286827087402, 5.173149824142456, 4.998493432998657, 5.115865468978882, 5.431139707565308, 5.10012149810791, 5.187185764312744, 5.448479652404785, 5.241635322570801, 5.803677320480347, 4.886736154556274, 5.199310064315796, 5.4532365798950195, 5.202449798583984, 5.787448406219482, 5.145354747772217, 5.741980791091919, 5.2201056480407715, 5.202849864959717, 5.149231433868408, 5.485735654830933, 5.203249454498291, 5.248960256576538, 5.24152684211731, 5.465456247329712, 5.2164599895477295, 5.711806297302246, 5.5183329582214355, 5.526516437530518, 4.98161768913269, 5.794092655181885, 5.220130443572998, 5.488006830215454, 5.485326766967773, 5.494744539260864, 5.487630605697632, 5.490849494934082, 5.273239374160767, 4.933925628662109, 4.799215316772461, 5.21530294418335, 5.163604021072388], "comm_send": [0.0009236335754394531, 0.0010442733764648438, 0.0007917881011962891, 0.0006623268127441406, 0.0010225772857666016, 0.0008988380432128906, 0.0009505748748779297, 0.0008835792541503906, 0.0007903575897216797, 0.0008227825164794922, 0.0010561943054199219, 0.0011594295501708984, 0.0008983612060546875, 0.0010027885437011719, 0.0007708072662353516, 0.0009033679962158203, 0.0009534358978271484, 0.0008597373962402344, 0.0010881423950195312, 0.0008966922760009766, 0.0007500648498535156, 0.0008893013000488281, 0.0007655620574951172, 0.0009927749633789062, 0.000850677490234375, 0.0008502006530761719, 0.0009250640869140625, 0.0010132789611816406, 0.0008635520935058594, 0.0010001659393310547, 0.0008218288421630859, 0.0008068084716796875, 0.00104522705078125, 0.000865936279296875, 0.0008721351623535156, 0.0008692741394042969, 0.0008218288421630859, 0.000946044921875, 0.0006666183471679688, 0.0008711814880371094, 0.0007581710815429688, 0.0007040500640869141, 0.0009028911590576172, 0.0009524822235107422, 0.0008816719055175781, 0.000942230224609375, 0.0010099411010742188, 0.0010638236999511719, 0.0009562969207763672, 0.000990152359008789], "comm_recv": [0.12695097923278809, 0.2649421691894531, 0.022896528244018555, 0.0650784969329834, 0.6803345680236816, 0.32692599296569824, 0.5589680671691895, 0.3800349235534668, 0.0041294097900390625, 0.3289296627044678, 0.8852787017822266, 0.3957056999206543, 0.1006016731262207, 0.9923458099365234, 0.23196005821228027, 0.2928318977355957, 0.540820837020874, 0.003897428512573242, 1.195253849029541, 0.4289238452911377, 0.08747029304504395, 0.6243202686309814, 0.13863444328308105, 0.6365504264831543, 0.11715173721313477, 0.21804141998291016, 0.5647826194763184, 0.9535336494445801, 0.3410005569458008, 0.31588101387023926, 0.23616623878479004, 0.32877635955810547, 0.36264991760253906, 0.3256649971008301, 0.003751516342163086, 0.2628157138824463, 0.31728315353393555, 0.29682302474975586, 0.0041904449462890625, 0.2750587463378906, 0.0033516883850097656, 0.04887795448303223, 0.5824289321899414, 0.0384213924407959, 0.29642271995544434, 0.23925209045410156, 0.8499681949615479, 0.7158739566802979, 0.22534394264221191, 0.5765085220336914], "conv_send": [0.027004003524780273, 0.006646633148193359, 0.0067369937896728516, 0.006324052810668945, 0.006886720657348633, 0.0061969757080078125, 0.006921052932739258, 0.006494998931884766, 0.006795406341552734, 0.0065004825592041016, 0.0069026947021484375, 0.006946563720703125, 0.006439924240112305, 0.007097959518432617, 0.0062408447265625, 0.006325483322143555, 0.00651097297668457, 0.006261110305786133, 0.007232189178466797, 0.0063018798828125, 0.006205081939697266, 0.00690460205078125, 0.006774425506591797, 0.006866455078125, 0.006287574768066406, 0.006682395935058594, 0.00673222541809082, 0.0070590972900390625, 0.006806850433349609, 0.006999969482421875, 0.006471157073974609, 0.00684356689453125, 0.0070056915283203125, 0.006423473358154297, 0.006354808807373047, 0.006829977035522461, 0.0068206787109375, 0.006847381591796875, 0.006793022155761719, 0.006546974182128906, 0.00640869140625, 0.006898403167724609, 0.0069653987884521484, 0.006717205047607422, 0.006558656692504883, 0.006993293762207031, 0.007082939147949219, 0.007306575775146484, 0.006720304489135742, 0.006675243377685547], "conv_recv": [0.00036644935607910156, 0.0003066062927246094, 0.00027823448181152344, 0.0003113746643066406, 0.0003101825714111328, 0.0003676414489746094, 0.00030303001403808594, 0.00030994415283203125, 0.00024366378784179688, 0.00030350685119628906, 0.0003044605255126953, 0.00034689903259277344, 0.00030875205993652344, 0.0003674030303955078, 0.0003094673156738281, 0.0003402233123779297, 0.0003046989440917969, 0.00025081634521484375, 0.0003018379211425781, 0.00031280517578125, 0.0002722740173339844, 0.0005586147308349609, 0.0002837181091308594, 0.00030684471130371094, 0.00029015541076660156, 0.0003173351287841797, 0.00031304359436035156, 0.0003020763397216797, 0.00030541419982910156, 0.0003762245178222656, 0.0003075599670410156, 0.00031280517578125, 0.0003826618194580078, 0.0003094673156738281, 0.00024175643920898438, 0.00029921531677246094, 0.0003025531768798828, 0.0003058910369873047, 0.0002665519714355469, 0.0003306865692138672, 0.0002484321594238281, 0.00032067298889160156, 0.0003020763397216797, 0.0004982948303222656, 0.00031065940856933594, 0.0003113746643066406, 0.0003104209899902344, 0.00031113624572753906, 0.00032329559326171875, 0.0003578662872314453], "epochs": [9.690470695495605, 5.5390026569366455, 5.818872451782227, 5.591665983200073, 5.832153558731079, 5.820053815841675, 5.7789552211761475, 5.8449318408966064, 5.636266469955444, 5.518876791000366, 5.901293754577637, 5.529384136199951, 5.548733949661255, 6.11008358001709, 5.435674428939819, 5.758013486862183, 5.7994544506073, 5.823883295059204, 6.099755764007568, 5.644876956939697, 5.556963920593262, 5.845426797866821, 5.943047285079956, 5.79921817779541, 5.875987529754639, 5.455153226852417, 5.784926414489746, 6.120433330535889, 5.844022274017334, 5.536788463592529, 5.502024412155151, 5.587452411651611, 5.845944404602051, 5.5589821338653564, 5.731885194778442, 5.798313856124878, 5.86092734336853, 5.295770883560181, 5.814984321594238, 5.512225389480591, 5.50776481628418, 5.551196813583374, 6.094520568847656, 5.543741941452026, 5.804306507110596, 5.529945135116577, 5.801492691040039, 5.533106565475464, 5.457858562469482, 5.758578062057495]}}