{"times": {"train": [9.112156391143799, 4.977760314941406, 5.7314887046813965, 5.158789396286011, 5.158296823501587, 4.898625373840332, 4.856192588806152, 5.203752040863037, 5.264053106307983, 5.209352016448975, 5.295531749725342, 5.443100452423096, 5.506296634674072, 5.454565763473511, 5.415090322494507, 5.166513919830322, 5.553325891494751, 4.882404565811157, 5.153627634048462, 4.939282178878784, 5.439248323440552, 4.803656578063965, 4.8135480880737305, 5.203224182128906, 5.224522590637207, 5.117399215698242, 5.490780591964722, 6.099324941635132, 5.824432373046875, 4.871440172195435, 5.470050811767578, 5.17768931388855, 5.534198045730591, 4.913440942764282, 5.175663471221924, 4.949402093887329, 5.594377756118774, 5.053281545639038, 5.205249547958374, 5.229386568069458, 5.482544660568237, 4.946654558181763, 5.022319793701172, 5.2304370403289795, 5.185426950454712, 4.921681880950928, 5.565880537033081, 5.4402947425842285, 5.288686037063599, 5.2849812507629395], "comm_send": [0.0008959770202636719, 0.001146554946899414, 0.0008432865142822266, 0.0009038448333740234, 0.002178192138671875, 0.0009887218475341797, 0.0010273456573486328, 0.001440286636352539, 0.0007703304290771484, 0.0007619857788085938, 0.0009243488311767578, 0.0008149147033691406, 0.0010042190551757812, 0.0008561611175537109, 0.0007703304290771484, 0.0008485317230224609, 0.0007693767547607422, 0.000982046127319336, 0.0009653568267822266, 0.0008106231689453125, 0.000820159912109375, 0.0009996891021728516, 0.0009608268737792969, 0.0008521080017089844, 0.0009465217590332031, 0.0022101402282714844, 0.0009996891021728516, 0.0008587837219238281, 0.0007979869842529297, 0.0010106563568115234, 0.0007255077362060547, 0.0009198188781738281, 0.0007202625274658203, 0.0012156963348388672, 0.0007359981536865234, 0.000904083251953125, 0.0006544589996337891, 0.0008442401885986328, 0.0008895397186279297, 0.00083160400390625, 0.0008730888366699219, 0.0009624958038330078, 0.0009171962738037109, 0.0010297298431396484, 0.0009326934814453125, 0.0008473396301269531, 0.0007998943328857422, 0.0007269382476806641, 0.0009853839874267578, 0.0008091926574707031], "comm_recv": [0.5413727760314941, 0.5436961650848389, 0.0705721378326416, 0.4158058166503906, 0.6547384262084961, 0.9039895534515381, 0.9051580429077148, 0.6225061416625977, 0.3571453094482422, 0.29177093505859375, 0.5890569686889648, 0.06884050369262695, 0.026354551315307617, 0.6388673782348633, 0.0035104751586914062, 0.5752019882202148, 0.22957158088684082, 0.9244129657745361, 0.9287991523742676, 0.6674823760986328, 0.12322807312011719, 1.021165370941162, 1.1146667003631592, 0.5776817798614502, 0.6354598999023438, 0.3183605670928955, 0.2764713764190674, 0.0033686161041259766, 0.004282712936401367, 0.6482906341552734, 0.01473093032836914, 0.39342784881591797, 0.29482436180114746, 0.6289892196655273, 0.5391533374786377, 0.830078125, 0.24831867218017578, 0.22602558135986328, 0.5929338932037354, 0.26568078994750977, 0.009279251098632812, 0.5874230861663818, 1.0536625385284424, 0.29559898376464844, 0.6011981964111328, 0.5896780490875244, 0.21797394752502441, 0.07775044441223145, 0.15206551551818848, 0.4544382095336914], "conv_send": [0.025768280029296875, 0.0073394775390625, 0.006239652633666992, 0.006819248199462891, 0.006509542465209961, 0.0066680908203125, 0.007235288619995117, 0.00690150260925293, 0.00659489631652832, 0.006679058074951172, 0.0067653656005859375, 0.006203889846801758, 0.006289958953857422, 0.006887674331665039, 0.006296873092651367, 0.00637364387512207, 0.00671076774597168, 0.00704646110534668, 0.006521463394165039, 0.006478786468505859, 0.006218433380126953, 0.007283926010131836, 0.007402181625366211, 0.0067446231842041016, 0.006613254547119141, 0.007304668426513672, 0.006355762481689453, 0.006724119186401367, 0.006654977798461914, 0.0067102909088134766, 0.006223917007446289, 0.006271839141845703, 0.006171464920043945, 0.007425785064697266, 0.006566286087036133, 0.007730722427368164, 0.00678706169128418, 0.006756782531738281, 0.006646156311035156, 0.006699800491333008, 0.006279468536376953, 0.006780385971069336, 0.007290363311767578, 0.006766796112060547, 0.007070779800415039, 0.007538318634033203, 0.006780147552490234, 0.0063059329986572266, 0.00630640983581543, 0.006302833557128906], "conv_recv": [0.0002989768981933594, 0.00036525726318359375, 0.0002987384796142578, 0.00029659271240234375, 0.0003495216369628906, 0.0004088878631591797, 0.0002951622009277344, 0.00031757354736328125, 0.0002963542938232422, 0.00029587745666503906, 0.0002968311309814453, 0.0002570152282714844, 0.00027060508728027344, 0.00029730796813964844, 0.00023317337036132812, 0.0002982616424560547, 0.0002639293670654297, 0.00029850006103515625, 0.00029468536376953125, 0.0002868175506591797, 0.00034427642822265625, 0.00030517578125, 0.00031828880310058594, 0.0002932548522949219, 0.0003466606140136719, 0.0003063678741455078, 0.0003046989440917969, 0.00022983551025390625, 0.00030517578125, 0.0002987384796142578, 0.0002460479736328125, 0.0002913475036621094, 0.0002818107604980469, 0.0002982616424560547, 0.0002968311309814453, 0.00029921531677246094, 0.0002684593200683594, 0.0002989768981933594, 0.00030732154846191406, 0.00030350685119628906, 0.0002446174621582031, 0.0003056526184082031, 0.00029969215393066406, 0.00031876564025878906, 0.0002987384796142578, 0.000293731689453125, 0.00029587745666503906, 0.0002944469451904297, 0.0003058910369873047, 0.0003027915954589844], "epochs": [9.689603567123413, 5.539444208145142, 5.818720817565918, 5.591738939285278, 5.8313562870025635, 5.819852352142334, 5.779071807861328, 5.844143390655518, 5.637985944747925, 5.518064975738525, 5.90165638923645, 5.5281171798706055, 5.549169540405273, 6.110756158828735, 5.434635877609253, 5.758292198181152, 5.799700736999512, 5.824254274368286, 6.099264144897461, 5.623275518417358, 5.5789573192596436, 5.842932224273682, 5.946059942245483, 5.797921419143677, 5.877215623855591, 5.454718828201294, 5.784139394760132, 6.119330167770386, 5.84546971321106, 5.5368945598602295, 5.500905990600586, 5.587698459625244, 5.845388889312744, 5.560720920562744, 5.731826066970825, 5.7976038455963135, 5.859562397003174, 5.29653525352478, 5.815237998962402, 5.512149333953857, 5.508309364318848, 5.551395893096924, 6.093705177307129, 5.543536424636841, 5.804160833358765, 5.529386043548584, 5.800915002822876, 5.534674644470215, 5.457598447799683, 5.756046533584595]}}