{"times": {"train": [9.529085636138916, 4.991162061691284, 4.6234331130981445, 4.976540565490723, 4.965141773223877, 5.2732696533203125, 4.965787172317505, 5.667564630508423, 4.928107738494873, 4.933701276779175, 5.332190990447998, 4.97100567817688, 4.5735814571380615, 4.995455026626587, 4.632266044616699, 5.355376482009888, 5.011904954910278, 5.593496799468994, 5.038458347320557, 5.006577014923096, 5.015801906585693, 4.6118323802948, 4.9980573654174805, 4.986803770065308, 5.352052450180054, 5.038628816604614, 5.012759447097778, 4.977279186248779, 4.94914436340332, 5.383654356002808, 5.355962038040161, 5.294939756393433, 5.704669952392578, 5.059162139892578, 5.344367027282715, 4.979544401168823, 4.992072105407715, 5.333015203475952, 5.008479595184326, 4.976439952850342, 5.422096490859985, 5.340640544891357, 5.003896713256836, 5.010401010513306, 4.584448337554932, 5.009145498275757, 4.996970176696777, 5.310586929321289, 5.253679275512695, 4.692541837692261], "comm_send": [0.0008764266967773438, 0.0010523796081542969, 0.0009169578552246094, 0.0019893646240234375, 0.0008652210235595703, 0.0008597373962402344, 0.0024404525756835938, 0.0009229183197021484, 0.0010368824005126953, 0.0010323524475097656, 0.0007722377777099609, 0.0007960796356201172, 0.0010876655578613281, 0.0010647773742675781, 0.0009407997131347656, 0.0008261203765869141, 0.0017125606536865234, 0.0008752346038818359, 0.0008723735809326172, 0.0009512901306152344, 0.0008525848388671875, 0.0010194778442382812, 0.0008449554443359375, 0.0010514259338378906, 0.0008854866027832031, 0.0008177757263183594, 0.0008840560913085938, 0.0010323524475097656, 0.0009801387786865234, 0.0008754730224609375, 0.0006661415100097656, 0.0009245872497558594, 0.0008046627044677734, 0.0009133815765380859, 0.0007252693176269531, 0.0010547637939453125, 0.0008645057678222656, 0.0008351802825927734, 0.0009405612945556641, 0.0030350685119628906, 0.0007541179656982422, 0.0008325576782226562, 0.0009043216705322266, 0.0009522438049316406, 0.0011305809020996094, 0.0009996891021728516, 0.0009624958038330078, 0.0009024143218994141, 0.0009136199951171875, 0.001054525375366211], "comm_recv": [0.2456374168395996, 0.7044458389282227, 1.1159758567810059, 0.7116556167602539, 0.8305962085723877, 0.5514862537384033, 0.7572886943817139, 0.0561826229095459, 0.3462991714477539, 0.8359999656677246, 0.6980321407318115, 0.6497225761413574, 1.1804180145263672, 0.7370429039001465, 1.1364407539367676, 0.33760738372802734, 0.6097261905670166, 0.003700733184814453, 0.6525187492370605, 0.7824363708496094, 0.30591917037963867, 1.1560521125793457, 0.6482818126678467, 0.4002566337585449, 0.3863852024078369, 0.28594040870666504, 0.3688182830810547, 0.5027313232421875, 0.4692971706390381, 0.25800204277038574, 0.004253864288330078, 0.743962287902832, 0.004670619964599609, 0.32564830780029297, 0.010642528533935547, 0.7110598087310791, 0.3110361099243164, 0.10537433624267578, 0.3576529026031494, 0.711477518081665, 0.2172398567199707, 0.36717891693115234, 0.593869686126709, 0.6968555450439453, 0.7357966899871826, 0.7083473205566406, 0.34883689880371094, 0.7782285213470459, 0.49292707443237305, 1.0224533081054688], "conv_send": [0.02689075469970703, 0.007353544235229492, 0.007157564163208008, 0.006916522979736328, 0.006625175476074219, 0.006367683410644531, 0.006993770599365234, 0.006944179534912109, 0.0071947574615478516, 0.007056236267089844, 0.006515979766845703, 0.0070116519927978516, 0.007623195648193359, 0.006737232208251953, 0.007275581359863281, 0.00696253776550293, 0.006932497024536133, 0.006375312805175781, 0.006645679473876953, 0.006966114044189453, 0.006455421447753906, 0.007191658020019531, 0.006927013397216797, 0.0074443817138671875, 0.006930112838745117, 0.006448030471801758, 0.006688833236694336, 0.0069158077239990234, 0.0069026947021484375, 0.006439924240112305, 0.006879091262817383, 0.006508827209472656, 0.006832122802734375, 0.006899356842041016, 0.006852626800537109, 0.006723880767822266, 0.006928920745849609, 0.0069255828857421875, 0.006667613983154297, 0.007041454315185547, 0.006493091583251953, 0.007007122039794922, 0.007143497467041016, 0.006891489028930664, 0.007193326950073242, 0.007044792175292969, 0.007196664810180664, 0.006539583206176758, 0.006551980972290039, 0.007236957550048828], "conv_recv": [0.0003123283386230469, 0.0003070831298828125, 0.0003027915954589844, 0.0003364086151123047, 0.0003020763397216797, 0.0003879070281982422, 0.0003380775451660156, 0.0002818107604980469, 0.0003116130828857422, 0.00036835670471191406, 0.00030493736267089844, 0.0003185272216796875, 0.00031113624572753906, 0.0003459453582763672, 0.00030350685119628906, 0.000293731689453125, 0.0003249645233154297, 0.0002911090850830078, 0.0004012584686279297, 0.0003108978271484375, 0.00035572052001953125, 0.00030422210693359375, 0.0003070831298828125, 0.00030517578125, 0.0003018379211425781, 0.0003066062927246094, 0.00031566619873046875, 0.00031757354736328125, 0.0003008842468261719, 0.0003077983856201172, 0.0002434253692626953, 0.0003044605255126953, 0.0002472400665283203, 0.0003345012664794922, 0.0003037452697753906, 0.0003616809844970703, 0.0003056526184082031, 0.00031876564025878906, 0.0003268718719482422, 0.0003037452697753906, 0.0003101825714111328, 0.0003185272216796875, 0.0003063678741455078, 0.00028967857360839844, 0.0003001689910888672, 0.00029778480529785156, 0.0002999305725097656, 0.00029540061950683594, 0.0002951622009277344, 0.0003504753112792969], "epochs": [9.812406539916992, 5.713777780532837, 5.757297992706299, 5.706952095031738, 5.812917947769165, 5.841814756393433, 5.742400169372559, 5.741366863250732, 5.292434215545654, 5.7875988483428955, 6.047280550003052, 5.638290643692017, 5.772364377975464, 5.750216722488403, 5.786895036697388, 5.7104332447052, 5.640206575393677, 5.613832950592041, 5.708277940750122, 5.8066582679748535, 5.338724851608276, 5.7858803272247314, 5.663858890533447, 5.405138254165649, 5.7559449672698975, 5.341435432434082, 5.399015665054321, 5.497632741928101, 5.435973405838013, 5.658647298812866, 5.377848148345947, 6.055952072143555, 5.72631311416626, 5.402289628982544, 5.37191104888916, 5.708028554916382, 5.320523023605347, 5.455718994140625, 5.383461236953735, 5.707748651504517, 5.656370639801025, 5.725351333618164, 5.615481615066528, 5.724776983261108, 5.338252305984497, 5.735297918319702, 5.363720417022705, 6.105875015258789, 5.763732671737671, 5.733104228973389]}}