{"times": {"train": [9.215646743774414, 5.053035020828247, 5.729485273361206, 5.003922462463379, 5.033877372741699, 5.000651121139526, 4.9640843868255615, 5.349924325942993, 5.269573926925659, 4.617551803588867, 5.311288118362427, 4.92537260055542, 5.051470518112183, 5.361864328384399, 4.987837076187134, 5.0892415046691895, 5.313295125961304, 4.625494480133057, 5.685511827468872, 4.656307697296143, 4.96542501449585, 4.967533349990845, 4.9825732707977295, 5.38410758972168, 5.001880407333374, 4.644154071807861, 4.987380504608154, 5.310522556304932, 4.647122621536255, 4.634311676025391, 5.349449396133423, 4.986172199249268, 4.703150510787964, 4.998165845870972, 4.956814765930176, 5.684163331985474, 4.585368394851685, 4.581778049468994, 5.280294179916382, 4.976527452468872, 4.804462671279907, 5.6971211433410645, 5.0069029331207275, 4.9751904010772705, 5.314897298812866, 4.671134948730469, 5.341333389282227, 4.553599834442139, 4.652650833129883, 4.678603410720825], "comm_send": [0.0009441375732421875, 0.0008831024169921875, 0.0006701946258544922, 0.0008337497711181641, 0.0009789466857910156, 0.0009837150573730469, 0.0009248256683349609, 0.0008702278137207031, 0.00066375732421875, 0.0011243820190429688, 0.000965118408203125, 0.0010101795196533203, 0.0008513927459716797, 0.0006935596466064453, 0.0007803440093994141, 0.0008978843688964844, 0.0007328987121582031, 0.0010366439819335938, 0.0007443428039550781, 0.0009949207305908203, 0.0011250972747802734, 0.002751588821411133, 0.002926349639892578, 0.0008220672607421875, 0.0006856918334960938, 0.0011620521545410156, 0.0008678436279296875, 0.0008335113525390625, 0.0009541511535644531, 0.0010371208190917969, 0.0016007423400878906, 0.0010879039764404297, 0.0009417533874511719, 0.0009176731109619141, 0.0010328292846679688, 0.0007655620574951172, 0.0009639263153076172, 0.0010237693786621094, 0.0008904933929443359, 0.0009655952453613281, 0.0009853839874267578, 0.0007507801055908203, 0.001168966293334961, 0.0009801387786865234, 0.0007526874542236328, 0.0011005401611328125, 0.0007236003875732422, 0.0011005401611328125, 0.0008764266967773438, 0.0008687973022460938], "comm_recv": [0.5589404106140137, 0.6430983543395996, 0.00790715217590332, 0.6867291927337646, 0.7615363597869873, 0.8241307735443115, 0.7586705684661865, 0.3765246868133545, 0.003824949264526367, 1.151869535446167, 0.7205080986022949, 0.6934149265289307, 0.7034668922424316, 0.37015748023986816, 0.783132791519165, 0.6051638126373291, 0.30945777893066406, 0.9714963436126709, 0.0036780834197998047, 1.1338167190551758, 0.35484838485717773, 0.7991812229156494, 0.662163257598877, 0.0037698745727539062, 0.7390239238739014, 0.6782457828521729, 0.3932785987854004, 0.1694633960723877, 0.7712323665618896, 1.0066540241241455, 0.010034799575805664, 1.0504405498504639, 1.0051319599151611, 0.3882713317871094, 0.39714765548706055, 0.005089998245239258, 0.7172539234161377, 0.8563158512115479, 0.08534073829650879, 0.7154946327209473, 0.832308292388916, 0.0038580894470214844, 0.5969023704528809, 0.7330536842346191, 0.004768848419189453, 1.0488457679748535, 0.0032057762145996094, 1.5363945960998535, 1.0925624370574951, 1.0374445915222168], "conv_send": [0.02936100959777832, 0.007052183151245117, 0.007005214691162109, 0.006959676742553711, 0.006983041763305664, 0.006766080856323242, 0.00677943229675293, 0.006509304046630859, 0.006469249725341797, 0.0074918270111083984, 0.006620645523071289, 0.00671076774597168, 0.006828784942626953, 0.00691986083984375, 0.006463289260864258, 0.006506204605102539, 0.006447792053222656, 0.007088184356689453, 0.0068666934967041016, 0.007138967514038086, 0.0070095062255859375, 0.006583690643310547, 0.006642818450927734, 0.006390094757080078, 0.0066375732421875, 0.007428884506225586, 0.00705409049987793, 0.006442070007324219, 0.0074634552001953125, 0.00723576545715332, 0.006917476654052734, 0.00713658332824707, 0.007076740264892578, 0.007154703140258789, 0.00681304931640625, 0.006851673126220703, 0.007219791412353516, 0.007401227951049805, 0.006869316101074219, 0.00706791877746582, 0.007040262222290039, 0.0068285465240478516, 0.007397651672363281, 0.007006406784057617, 0.006403446197509766, 0.007257699966430664, 0.00648808479309082, 0.0074346065521240234, 0.0070574283599853516, 0.007088899612426758], "conv_recv": [0.0003705024719238281, 0.0003192424774169922, 0.0002512931823730469, 0.00031757354736328125, 0.0003142356872558594, 0.00031685829162597656, 0.00031065940856933594, 0.0003247261047363281, 0.0002696514129638672, 0.00031304359436035156, 0.0003478527069091797, 0.00031566619873046875, 0.0003123283386230469, 0.0003337860107421875, 0.00031375885009765625, 0.0003097057342529297, 0.000316619873046875, 0.00031876564025878906, 0.0002465248107910156, 0.00031876564025878906, 0.00046515464782714844, 0.0003161430358886719, 0.00031566619873046875, 0.00024700164794921875, 0.00031638145446777344, 0.0003173351287841797, 0.0003204345703125, 0.0003108978271484375, 0.0003218650817871094, 0.00031113624572753906, 0.0003726482391357422, 0.0003123283386230469, 0.00031304359436035156, 0.0003170967102050781, 0.0003170967102050781, 0.0002503395080566406, 0.00031375885009765625, 0.00034356117248535156, 0.0003161430358886719, 0.00032329559326171875, 0.00031685829162597656, 0.0002486705780029297, 0.0003464221954345703, 0.00037097930908203125, 0.00025391578674316406, 0.00031638145446777344, 0.0002465248107910156, 0.0003173351287841797, 0.0003161430358886719, 0.0003237724304199219], "epochs": [9.814908981323242, 5.713984966278076, 5.754686117172241, 5.708467245101929, 5.813169479370117, 5.842322826385498, 5.740468263626099, 5.7438952922821045, 5.289999485015869, 5.787829399108887, 6.049372911453247, 5.636370658874512, 5.7723119258880615, 5.749424695968628, 5.787928819656372, 5.711496591567993, 5.6396307945251465, 5.6148881912231445, 5.706175804138184, 5.807940721511841, 5.338374376296997, 5.785766363143921, 5.664059638977051, 5.4044716358184814, 5.75810170173645, 5.340656042098999, 5.398580312728882, 5.497034788131714, 5.436471223831177, 5.65915060043335, 5.378240585327148, 6.054521083831787, 5.726105690002441, 5.404387950897217, 5.3715245723724365, 5.706297159194946, 5.320499658584595, 5.456230401992798, 5.383073329925537, 5.709811687469482, 5.6545960903167725, 5.71830677986145, 5.622220277786255, 5.726015567779541, 5.336238861083984, 5.738212585449219, 5.361107587814331, 6.1082682609558105, 5.763003349304199, 5.733815908432007]}}