{"times": {"train": [9.772507190704346, 4.679464101791382, 4.976491451263428, 4.973592042922974, 5.391178607940674, 4.651961326599121, 5.615082740783691, 5.721511125564575, 4.614646911621094, 5.397998571395874, 4.951233148574829, 4.613130331039429, 5.7244648933410645, 5.264042139053345, 4.639954328536987, 4.970074653625488, 4.956244707107544, 4.718482732772827, 5.3423051834106445, 5.3528358936309814, 4.966768741607666, 4.968010902404785, 4.962657928466797, 5.016935348510742, 4.994351387023926, 4.972412824630737, 5.370850324630737, 5.476495981216431, 5.061462879180908, 5.395276784896851, 4.968970775604248, 5.707131385803223, 5.029929876327515, 4.685827255249023, 5.313884973526001, 5.350357294082642, 4.98285698890686, 5.276419162750244, 5.341809034347534, 5.028991937637329, 5.6349711418151855, 4.975822925567627, 5.310464859008789, 5.041244029998779, 4.636144638061523, 4.6256842613220215, 4.695733308792114, 4.785553932189941, 5.741326808929443, 5.408996343612671], "comm_send": [0.0009076595306396484, 0.0010082721710205078, 0.0008671283721923828, 0.0026602745056152344, 0.000904083251953125, 0.0009770393371582031, 0.0007891654968261719, 0.0007588863372802734, 0.0010323524475097656, 0.0008497238159179688, 0.001085042953491211, 0.001054525375366211, 0.0008122920989990234, 0.0008220672607421875, 0.0008459091186523438, 0.0009987354278564453, 0.000978708267211914, 0.001009225845336914, 0.0007195472717285156, 0.0008935928344726562, 0.003931522369384766, 0.0009832382202148438, 0.0009975433349609375, 0.0008609294891357422, 0.0009088516235351562, 0.0008063316345214844, 0.000782012939453125, 0.0006661415100097656, 0.0008864402770996094, 0.0007414817810058594, 0.0009136199951171875, 0.0008254051208496094, 0.0010030269622802734, 0.0009310245513916016, 0.0007488727569580078, 0.0008094310760498047, 0.0009076595306396484, 0.0008249282836914062, 0.0008008480072021484, 0.0008072853088378906, 0.0008180141448974609, 0.0010273456573486328, 0.0008227825164794922, 0.0009355545043945312, 0.0009398460388183594, 0.0010311603546142578, 0.0010616779327392578, 0.0010097026824951172, 0.0009086132049560547, 0.0008022785186767578], "comm_recv": [0.003412961959838867, 1.0186383724212646, 0.7618153095245361, 0.7134525775909424, 0.4043145179748535, 1.1734120845794678, 0.10854029655456543, 0.004000186920166016, 0.660008430480957, 0.3714146614074707, 1.080247402191162, 1.0042483806610107, 0.03149604797363281, 0.4685513973236084, 1.130746603012085, 0.7223832607269287, 0.6655898094177246, 0.8785457611083984, 0.34769272804260254, 0.4370579719543457, 0.35047221183776855, 0.8020036220550537, 0.682100772857666, 0.37105369567871094, 0.7442281246185303, 0.3510122299194336, 0.009956598281860352, 0.0038709640502929688, 0.35823559761047363, 0.2471475601196289, 0.3896608352661133, 0.33028411865234375, 0.6780791282653809, 0.6990652084350586, 0.0412442684173584, 0.3389606475830078, 0.3210611343383789, 0.16196894645690918, 0.023398399353027344, 0.6624557971954346, 0.003538370132446289, 0.7256588935852051, 0.293903112411499, 0.6671900749206543, 0.6831550598144531, 1.0933725833892822, 0.6492295265197754, 1.302095651626587, 0.0035881996154785156, 0.3066375255584717], "conv_send": [0.02589106559753418, 0.006869316101074219, 0.0071141719818115234, 0.006791353225708008, 0.006977558135986328, 0.0070874691009521484, 0.0064046382904052734, 0.006837129592895508, 0.00705265998840332, 0.006906747817993164, 0.00684666633605957, 0.007112026214599609, 0.006891727447509766, 0.0064697265625, 0.006972074508666992, 0.007129669189453125, 0.007272243499755859, 0.006871938705444336, 0.00640869140625, 0.006647825241088867, 0.006942272186279297, 0.006880044937133789, 0.007117033004760742, 0.007071733474731445, 0.007086277008056641, 0.00690460205078125, 0.0065157413482666016, 0.0070035457611083984, 0.006547451019287109, 0.007107734680175781, 0.006875753402709961, 0.0069468021392822266, 0.006657123565673828, 0.007929801940917969, 0.006474971771240234, 0.006920337677001953, 0.0068242549896240234, 0.0065424442291259766, 0.006959676742553711, 0.006742238998413086, 0.006436586380004883, 0.006830692291259766, 0.006506681442260742, 0.006733417510986328, 0.0071985721588134766, 0.007697343826293945, 0.007171630859375, 0.00711512565612793, 0.0068323612213134766, 0.0069806575775146484], "conv_recv": [0.0002522468566894531, 0.00031447410583496094, 0.0003185272216796875, 0.0003635883331298828, 0.00029540061950683594, 0.00031566619873046875, 0.00030303001403808594, 0.00031876564025878906, 0.0003216266632080078, 0.0003540515899658203, 0.0003185272216796875, 0.0003788471221923828, 0.0002608299255371094, 0.0003261566162109375, 0.00030994415283203125, 0.00030803680419921875, 0.0003085136413574219, 0.0003142356872558594, 0.0002856254577636719, 0.0003173351287841797, 0.0003170967102050781, 0.00045299530029296875, 0.00031280517578125, 0.00030994415283203125, 0.0003075599670410156, 0.00031685829162597656, 0.0003120899200439453, 0.0002505779266357422, 0.00031948089599609375, 0.00032329559326171875, 0.00040721893310546875, 0.00031113624572753906, 0.0003666877746582031, 0.000324249267578125, 0.0002810955047607422, 0.000316619873046875, 0.0003139972686767578, 0.00036025047302246094, 0.000270843505859375, 0.0003197193145751953, 0.00024390220642089844, 0.00031685829162597656, 0.000316619873046875, 0.0003635883331298828, 0.0003325939178466797, 0.00032138824462890625, 0.00031685829162597656, 0.000316619873046875, 0.0002536773681640625, 0.00031375885009765625], "epochs": [9.812181949615479, 5.715804576873779, 5.756154298782349, 5.706445932388306, 5.8130717277526855, 5.843122720718384, 5.740585565567017, 5.742725849151611, 5.292498588562012, 5.786998510360718, 6.049135684967041, 5.635422706604004, 5.773141384124756, 5.749914884567261, 5.788306951522827, 5.710261821746826, 5.639829874038696, 5.614642858505249, 5.706803321838379, 5.807138442993164, 5.337882041931152, 5.7878687381744385, 5.66304874420166, 5.4057111740112305, 5.756468296051025, 5.340865612030029, 5.397954702377319, 5.497479200363159, 5.436977863311768, 5.6600728034973145, 5.376845598220825, 6.055177927017212, 5.725475549697876, 5.403526306152344, 5.372012138366699, 5.706903696060181, 5.321331739425659, 5.455524444580078, 5.382544040679932, 5.708915948867798, 5.655212640762329, 5.719348907470703, 5.621514558792114, 5.725985050201416, 5.337254047393799, 5.737592697143555, 5.36298680305481, 6.105571985244751, 5.762211084365845, 5.733211040496826]}}