{"times": {"train": [9.521780729293823, 5.1434714794158936, 5.017918109893799, 4.972318410873413, 5.782614707946777, 4.660625457763672, 5.718980073928833, 4.682237148284912, 5.056025981903076, 5.011557102203369, 4.97466254234314, 4.664881229400635, 5.0699591636657715, 5.030777931213379, 4.988375425338745, 5.287281274795532, 5.299471378326416, 5.291020154953003, 5.334528207778931, 4.982649087905884, 5.016993761062622, 5.37700629234314, 5.002246618270874, 4.984034776687622, 5.732740163803101, 5.010301351547241, 4.676465272903442, 5.38050103187561, 5.375311851501465, 5.637193918228149, 5.0067431926727295, 5.041123390197754, 4.684622287750244, 4.700156927108765, 5.29537558555603, 4.643441677093506, 4.952558755874634, 5.022764682769775, 5.361268043518066, 5.022489547729492, 5.403014421463013, 4.712869644165039, 5.592836856842041, 5.025202512741089, 5.281522035598755, 5.363276958465576, 5.336508274078369, 6.084737777709961, 4.642967700958252, 5.026620388031006], "comm_send": [0.0009429454803466797, 0.0009648799896240234, 0.0009608268737792969, 0.0009360313415527344, 0.0007791519165039062, 0.0010285377502441406, 0.0008518695831298828, 0.0009713172912597656, 0.0012707710266113281, 0.0009057521820068359, 0.0008335113525390625, 0.0008623600006103516, 0.0009336471557617188, 0.0008387565612792969, 0.0006365776062011719, 0.0008401870727539062, 0.0008053779602050781, 0.0007786750793457031, 0.0019354820251464844, 0.0009953975677490234, 0.0006966590881347656, 0.0009093284606933594, 0.0006811618804931641, 0.0009191036224365234, 0.0008089542388916016, 0.0008184909820556641, 0.0009582042694091797, 0.0007898807525634766, 0.0009188652038574219, 0.0008513927459716797, 0.0010526180267333984, 0.0009210109710693359, 0.0010852813720703125, 0.0009558200836181641, 0.0008289813995361328, 0.001131296157836914, 0.0009093284606933594, 0.0008649826049804688, 0.0007040500640869141, 0.0009071826934814453, 0.0008101463317871094, 0.0011472702026367188, 0.0008184909820556641, 0.0024182796478271484, 0.0008578300476074219, 0.0007545948028564453, 0.00066375732421875, 0.0008218288421630859, 0.0010428428649902344, 0.003589630126953125], "comm_recv": [0.25404834747314453, 0.5531256198883057, 0.7211506366729736, 0.7168529033660889, 0.012819528579711914, 1.1638262271881104, 0.005425453186035156, 1.0414690971374512, 0.21816325187683105, 0.7581255435943604, 1.05503511428833, 0.9551236629486084, 0.6850113868713379, 0.7021610736846924, 0.7811164855957031, 0.40658116340637207, 0.32289958000183105, 0.3060626983642578, 0.35404253005981445, 0.8058843612670898, 0.30413055419921875, 0.39169859886169434, 0.6439568996429443, 0.4035987854003906, 0.004270792007446289, 0.31537675857543945, 0.7029685974121094, 0.10044741630554199, 0.04317045211791992, 0.004118680953979492, 0.35442447662353516, 0.996204137802124, 1.0237817764282227, 0.6850039958953857, 0.05960536003112793, 1.0450847148895264, 0.35043764114379883, 0.4154849052429199, 0.004329681396484375, 0.6686084270477295, 0.23602628707885742, 0.9934334754943848, 0.004779338836669922, 0.6812295913696289, 0.03855490684509277, 0.3557760715484619, 0.00866246223449707, 0.004457950592041016, 1.1019785404205322, 0.6863894462585449], "conv_send": [0.02652454376220703, 0.0068967342376708984, 0.006514310836791992, 0.006836891174316406, 0.006864309310913086, 0.007133007049560547, 0.0068972110748291016, 0.007208585739135742, 0.006739616394042969, 0.0067729949951171875, 0.006791591644287109, 0.007016897201538086, 0.006842136383056641, 0.00660252571105957, 0.006602764129638672, 0.006590127944946289, 0.0066680908203125, 0.0065801143646240234, 0.0070192813873291016, 0.007749795913696289, 0.006532192230224609, 0.0070149898529052734, 0.006592512130737305, 0.007044076919555664, 0.006998300552368164, 0.00667119026184082, 0.007432699203491211, 0.006509542465209961, 0.00657963752746582, 0.0064907073974609375, 0.006764888763427734, 0.006962776184082031, 0.007195472717285156, 0.006831645965576172, 0.006478786468505859, 0.00714874267578125, 0.0070133209228515625, 0.00679779052734375, 0.006542205810546875, 0.0068781375885009766, 0.006646871566772461, 0.007443428039550781, 0.00658416748046875, 0.0069196224212646484, 0.00664067268371582, 0.006612539291381836, 0.006574869155883789, 0.007089376449584961, 0.007511615753173828, 0.0068628787994384766], "conv_recv": [0.00034236907958984375, 0.0002999305725097656, 0.0003101825714111328, 0.00031256675720214844, 0.0002529621124267578, 0.00040531158447265625, 0.0002617835998535156, 0.000293731689453125, 0.0003066062927246094, 0.0003044605255126953, 0.0002949237823486328, 0.0003077983856201172, 0.0003027915954589844, 0.0003345012664794922, 0.0003533363342285156, 0.00030112266540527344, 0.00030493736267089844, 0.0003027915954589844, 0.00029206275939941406, 0.0003230571746826172, 0.00030493736267089844, 0.00029850006103515625, 0.00030112266540527344, 0.0002980232238769531, 0.0002377033233642578, 0.00030040740966796875, 0.00030612945556640625, 0.0002789497375488281, 0.00030303001403808594, 0.00024127960205078125, 0.0004894733428955078, 0.0002989768981933594, 0.0002968311309814453, 0.00030541419982910156, 0.0002961158752441406, 0.0003027915954589844, 0.0002982616424560547, 0.00030422210693359375, 0.0002505779266357422, 0.0003066062927246094, 0.00032639503479003906, 0.00030112266540527344, 0.0002579689025878906, 0.00029754638671875, 0.00029921531677246094, 0.0002949237823486328, 0.0002474784851074219, 0.00024366378784179688, 0.00030303001403808594, 0.0003600120544433594], "epochs": [9.813345909118652, 5.714183568954468, 5.756347179412842, 5.706831216812134, 5.812766075134277, 5.842424392700195, 5.74202299118042, 5.741875886917114, 5.292175531387329, 5.78740119934082, 6.047240257263184, 5.637761116027832, 5.772587299346924, 5.750675916671753, 5.786649227142334, 5.711131572723389, 5.6397435665130615, 5.6143598556518555, 5.7073423862457275, 5.807143211364746, 5.338140964508057, 5.786532640457153, 5.663274526596069, 5.405456066131592, 5.7545082569122314, 5.342980861663818, 5.3979692459106445, 5.497961759567261, 5.435797214508057, 5.658285856246948, 5.379403591156006, 6.055029392242432, 5.726507902145386, 5.4028637409210205, 5.372123956680298, 5.706624746322632, 5.320830583572388, 5.45581841468811, 5.382412433624268, 5.708723068237305, 5.6564435958862305, 5.724942207336426, 5.614884614944458, 5.725677967071533, 5.337488889694214, 5.736341714859009, 5.361987352371216, 6.106902837753296, 5.763465642929077, 5.73343300819397]}}