{"times": {"train": [9.626087665557861, 5.673798561096191, 4.594783067703247, 5.005082845687866, 4.909568548202515, 4.940470218658447, 4.9355247020721436, 5.371858596801758, 5.252013683319092, 5.290464878082275, 5.349785566329956, 5.465078830718994, 5.06067419052124, 4.585389614105225, 4.971257448196411, 4.938874006271362, 5.026186466217041, 5.010251998901367, 5.3336710929870605, 5.0257909297943115, 4.96777606010437, 4.943228244781494, 4.981539249420166, 5.140794515609741, 5.351330995559692, 5.319334030151367, 4.658704042434692, 4.652536392211914, 5.414039373397827, 4.964877367019653, 4.60987114906311, 4.978285789489746, 5.365591049194336, 5.381352663040161, 4.675406455993652, 4.692962408065796, 5.299328804016113, 4.896936655044556, 4.966120719909668, 5.604280233383179, 4.774551630020142, 4.977893352508545, 4.616853475570679, 5.703531503677368, 4.966232776641846, 5.369493246078491, 5.275381803512573, 4.939997434616089, 5.261613845825195, 5.025996685028076], "comm_send": [0.0008742809295654297, 0.0008845329284667969, 0.0010623931884765625, 0.0007929801940917969, 0.0009105205535888672, 0.0009605884552001953, 0.000990152359008789, 0.0008802413940429688, 0.0008714199066162109, 0.0008633136749267578, 0.000762939453125, 0.0008540153503417969, 0.0009391307830810547, 0.001115560531616211, 0.0009486675262451172, 0.0009624958038330078, 0.0009074211120605469, 0.0009381771087646484, 0.0009202957153320312, 0.0008819103240966797, 0.004082679748535156, 0.0008423328399658203, 0.0009162425994873047, 0.0009152889251708984, 0.0028526782989501953, 0.0008518695831298828, 0.0009181499481201172, 0.0009360313415527344, 0.0007534027099609375, 0.0011491775512695312, 0.0009829998016357422, 0.0010371208190917969, 0.0008409023284912109, 0.0008919239044189453, 0.0011186599731445312, 0.001024007797241211, 0.0011444091796875, 0.0009393692016601562, 0.0009150505065917969, 0.0010683536529541016, 0.0010411739349365234, 0.0007193088531494141, 0.0009229183197021484, 0.0008463859558105469, 0.0010390281677246094, 0.000705718994140625, 0.00107574462890625, 0.0009093284606933594, 0.0008075237274169922, 0.0009434223175048828], "comm_recv": [0.14939045906066895, 0.022846221923828125, 1.1446654796600342, 0.6845138072967529, 0.8856873512268066, 0.8837406635284424, 0.7891461849212646, 0.3526949882507324, 0.02246260643005371, 0.4807901382446289, 0.6807169914245605, 0.1554105281829834, 0.6946606636047363, 1.1469321250915527, 0.7992122173309326, 0.7534706592559814, 0.5961103439331055, 0.5880353450775146, 0.35631299018859863, 0.7630510330200195, 0.34911513328552246, 0.8269028663635254, 0.6645808219909668, 0.2481985092163086, 0.3856019973754883, 0.004063844680786133, 0.7223448753356934, 0.8286359310150146, 0.004769086837768555, 0.6773366928100586, 0.7498259544372559, 1.0591108798980713, 0.3437001705169678, 0.004736185073852539, 0.6798112392425537, 0.9961378574371338, 0.004651546478271484, 0.5411500930786133, 0.4007439613342285, 0.08691549301147461, 0.8643896579742432, 0.7295064926147461, 0.9810030460357666, 0.004668474197387695, 0.3548154830932617, 0.3501598834991455, 0.07172679901123047, 1.1481406688690186, 0.4846317768096924, 0.6905984878540039], "conv_send": [0.024509906768798828, 0.006473541259765625, 0.007225751876831055, 0.006598949432373047, 0.007149219512939453, 0.006993532180786133, 0.0070953369140625, 0.006377220153808594, 0.0063991546630859375, 0.00633549690246582, 0.006899833679199219, 0.006354331970214844, 0.0066225528717041016, 0.007237672805786133, 0.006536722183227539, 0.007540225982666016, 0.006711483001708984, 0.006438732147216797, 0.00685572624206543, 0.007094383239746094, 0.006762266159057617, 0.006729841232299805, 0.0065653324127197266, 0.006378889083862305, 0.006863832473754883, 0.006358623504638672, 0.007099628448486328, 0.006902933120727539, 0.006355762481689453, 0.0068247318267822266, 0.007137775421142578, 0.006892204284667969, 0.006340980529785156, 0.0062351226806640625, 0.00717473030090332, 0.006852149963378906, 0.0062749385833740234, 0.006953001022338867, 0.0066487789154052734, 0.006555080413818359, 0.006920337677001953, 0.006695985794067383, 0.007071256637573242, 0.006547212600708008, 0.006529569625854492, 0.006386756896972656, 0.006449222564697266, 0.006644010543823242, 0.006382942199707031, 0.0065059661865234375], "conv_recv": [0.0003466606140136719, 0.00028133392333984375, 0.0003046989440917969, 0.0003082752227783203, 0.00030159950256347656, 0.0003726482391357422, 0.0003056526184082031, 0.00029730796813964844, 0.0002739429473876953, 0.0003044605255126953, 0.0003552436828613281, 0.0003120899200439453, 0.00030422210693359375, 0.0003018379211425781, 0.0003025531768798828, 0.0003001689910888672, 0.00030159950256347656, 0.00031065940856933594, 0.00033855438232421875, 0.0003044605255126953, 0.00030350685119628906, 0.0003123283386230469, 0.00033736228942871094, 0.00030517578125, 0.000301361083984375, 0.00024437904357910156, 0.00031113624572753906, 0.0003056526184082031, 0.00025773048400878906, 0.0003268718719482422, 0.0004863739013671875, 0.00030303001403808594, 0.00029468536376953125, 0.00024580955505371094, 0.0003082752227783203, 0.0003044605255126953, 0.0002503395080566406, 0.00036835670471191406, 0.00036644935607910156, 0.00033283233642578125, 0.0003097057342529297, 0.00030422210693359375, 0.00030994415283203125, 0.00025081634521484375, 0.00030875205993652344, 0.0003459453582763672, 0.0003097057342529297, 0.00030493736267089844, 0.00030684471130371094, 0.00030422210693359375], "epochs": [9.810652256011963, 5.713573932647705, 5.757446527481079, 5.7066450119018555, 5.813074588775635, 5.841868877410889, 5.742427110671997, 5.741588354110718, 5.291197776794434, 5.7881128787994385, 6.04781436920166, 5.63736367225647, 5.772408962249756, 5.750324010848999, 5.78747296333313, 5.710505723953247, 5.639549493789673, 5.615318059921265, 5.70732569694519, 5.806410551071167, 5.337311506271362, 5.787456512451172, 5.663218021392822, 5.405803442001343, 5.756319284439087, 5.34002161026001, 5.398775100708008, 5.498639106750488, 5.435359239578247, 5.659839153289795, 5.377833604812622, 6.054874658584595, 5.725966930389404, 5.402476787567139, 5.37299108505249, 5.706585645675659, 5.320693731307983, 5.455564260482788, 5.3840012550354, 5.708400249481201, 5.656500816345215, 5.724377870559692, 5.615380525588989, 5.7248101234436035, 5.338190078735352, 5.736315011978149, 5.364180326461792, 6.10519552230835, 5.763005495071411, 5.7336106300354]}}