{"times": {"train": [9.18559718132019, 5.692495822906494, 5.3366734981536865, 5.684912919998169, 4.977851152420044, 5.069360017776489, 5.375828742980957, 4.71000862121582, 4.701958656311035, 5.13862419128418, 6.026217460632324, 4.77592134475708, 5.107187986373901, 5.726897239685059, 5.7653586864471436, 5.689000606536865, 4.8875732421875, 4.809338808059692, 5.037988901138306, 5.115864515304565, 4.989846229553223, 4.668437480926514, 4.650473356246948, 5.038100481033325, 4.972341299057007, 5.043282985687256, 4.736202716827393, 4.674148082733154, 4.775425434112549, 5.05256986618042, 4.9849936962127686, 6.031625747680664, 4.965047359466553, 4.676653146743774, 5.347487688064575, 5.606655597686768, 5.089715003967285, 5.0476415157318115, 4.775517225265503, 4.6943137645721436, 5.22700834274292, 5.383701324462891, 5.453137636184692, 4.686772346496582, 4.9689226150512695, 5.3143017292022705, 5.328368663787842, 5.062940359115601, 4.715739727020264, 5.6220703125], "comm_send": [0.0009505748748779297, 0.0007412433624267578, 0.0008800029754638672, 0.0007917881011962891, 0.0009009838104248047, 0.0009272098541259766, 0.0008254051208496094, 0.001241922378540039, 0.0010035037994384766, 0.0008320808410644531, 0.0007894039154052734, 0.0008771419525146484, 0.0008466243743896484, 0.0008306503295898438, 0.0008001327514648438, 0.0007488727569580078, 0.0010097026824951172, 0.0008978843688964844, 0.0017998218536376953, 0.0009050369262695312, 0.0008642673492431641, 0.0011515617370605469, 0.0010249614715576172, 0.0008094310760498047, 0.0008893013000488281, 0.0007193088531494141, 0.0010251998901367188, 0.0010187625885009766, 0.000982046127319336, 0.0009067058563232422, 0.0008771419525146484, 0.0007834434509277344, 0.0009288787841796875, 0.0009107589721679688, 0.0006699562072753906, 0.0008771419525146484, 0.0009131431579589844, 0.0008535385131835938, 0.0009305477142333984, 0.001058816909790039, 0.001369476318359375, 0.0007174015045166016, 0.0008292198181152344, 0.0010001659393310547, 0.0007996559143066406, 0.0008060932159423828, 0.00084686279296875, 0.0009222030639648438, 0.0011572837829589844, 0.0008578300476074219], "comm_recv": [0.5875513553619385, 0.005273103713989258, 0.40209293365478516, 0.0055119991302490234, 0.8182132244110107, 0.7555813789367676, 0.34833455085754395, 1.0145986080169678, 0.5740237236022949, 0.628103494644165, 0.003816366195678711, 0.8452084064483643, 0.6489856243133545, 0.005527973175048828, 0.004895210266113281, 0.004923582077026367, 0.7349872589111328, 0.7876389026641846, 0.6517338752746582, 0.6732871532440186, 0.3314340114593506, 1.099818229675293, 0.9961116313934326, 0.3495626449584961, 0.7659444808959961, 0.2814600467681885, 0.6441323757171631, 0.806290864944458, 0.6428730487823486, 0.5898745059967041, 0.3747265338897705, 0.004412174224853516, 0.7450928688049316, 0.708867073059082, 0.007779359817504883, 0.08303546905517578, 0.21401643753051758, 0.39055395126342773, 0.5904378890991211, 0.9950122833251953, 0.4113342761993408, 0.3164234161376953, 0.1514720916748047, 1.020738124847412, 0.35023045539855957, 0.40462350845336914, 0.017380475997924805, 1.0263307094573975, 1.0290064811706543, 0.09380364418029785], "conv_send": [0.029918670654296875, 0.006409406661987305, 0.006798982620239258, 0.00680088996887207, 0.0064373016357421875, 0.006478309631347656, 0.00683903694152832, 0.0070002079010009766, 0.00687098503112793, 0.006414651870727539, 0.00689697265625, 0.0065097808837890625, 0.006490945816040039, 0.006847858428955078, 0.006658792495727539, 0.006734132766723633, 0.007106781005859375, 0.00683903694152832, 0.00654149055480957, 0.006753444671630859, 0.006661415100097656, 0.0072247982025146484, 0.0067327022552490234, 0.0065765380859375, 0.006861686706542969, 0.006912946701049805, 0.006779670715332031, 0.006831645965576172, 0.007021427154541016, 0.006658792495727539, 0.0069789886474609375, 0.007066011428833008, 0.006559848785400391, 0.006922006607055664, 0.006880760192871094, 0.006415605545043945, 0.006591320037841797, 0.006534576416015625, 0.007518291473388672, 0.0071985721588134766, 0.007187604904174805, 0.006977558135986328, 0.007055759429931641, 0.007340669631958008, 0.006700277328491211, 0.0068359375, 0.0070002079010009766, 0.006701946258544922, 0.007151365280151367, 0.006458759307861328], "conv_recv": [0.00032019615173339844, 0.00026726722717285156, 0.0003104209899902344, 0.0002880096435546875, 0.0003542900085449219, 0.00030803680419921875, 0.00030994415283203125, 0.0006830692291259766, 0.0003132820129394531, 0.00034117698669433594, 0.0002503395080566406, 0.0003781318664550781, 0.00036716461181640625, 0.0002658367156982422, 0.0002551078796386719, 0.00025844573974609375, 0.00031113624572753906, 0.0003154277801513672, 0.0003407001495361328, 0.000308990478515625, 0.0003173351287841797, 0.0003495216369628906, 0.00031256675720214844, 0.0003173351287841797, 0.0003044605255126953, 0.0003688335418701172, 0.0003139972686767578, 0.0003139972686767578, 0.0003197193145751953, 0.0004067420959472656, 0.00045490264892578125, 0.0002474784851074219, 0.00031113624572753906, 0.0003161430358886719, 0.00027060508728027344, 0.0003879070281982422, 0.00031685829162597656, 0.00030922889709472656, 0.0003147125244140625, 0.00030612945556640625, 0.0003418922424316406, 0.00036144256591796875, 0.00031447410583496094, 0.0003094673156738281, 0.0003123283386230469, 0.00033855438232421875, 0.00028777122497558594, 0.00031495094299316406, 0.0003170967102050781, 0.0002865791320800781], "epochs": [9.81390118598938, 5.714386463165283, 5.756178617477417, 5.707631349563599, 5.813131332397461, 5.841941595077515, 5.741544008255005, 5.74396276473999, 5.293435096740723, 5.783679962158203, 6.047156810760498, 5.638240814208984, 5.773189067840576, 5.749688148498535, 5.787159204483032, 5.710842847824097, 5.640345096588135, 5.614364862442017, 5.70766544342041, 5.806493759155273, 5.3384387493133545, 5.786374092102051, 5.663982391357422, 5.404660224914551, 5.755719900131226, 5.342083215713501, 5.398002624511719, 5.49796199798584, 5.435946702957153, 5.659922361373901, 5.37786340713501, 6.053534984588623, 5.72749400138855, 5.403106689453125, 5.372396945953369, 5.706680536270142, 5.320915460586548, 5.455259084701538, 5.384088754653931, 5.7073047161102295, 5.656863451004028, 5.717751502990723, 5.6223533153533936, 5.72573709487915, 5.336529970169067, 5.736455202102661, 5.363363265991211, 6.106690883636475, 5.762917757034302, 5.732829570770264]}}