{"times": {"train": [9.114601612091064, 5.367206335067749, 5.374355792999268, 4.985886812210083, 4.871064901351929, 5.820274829864502, 5.002383708953857, 5.008180379867554, 4.63601541519165, 5.765177249908447, 4.649289131164551, 5.614454507827759, 5.7506103515625, 5.4120566844940186, 4.6559858322143555, 5.060506343841553, 5.6178882122039795, 5.35527777671814, 5.004967212677002, 5.784353971481323, 5.315902233123779, 5.764334440231323, 5.641518831253052, 5.006573915481567, 5.046514987945557, 5.044468641281128, 5.306142330169678, 5.011375904083252, 4.979090929031372, 5.391397476196289, 5.049017667770386, 5.071055173873901, 5.1540610790252686, 4.755838394165039, 4.8245744705200195, 5.036687612533569, 4.796432733535767, 5.433506011962891, 5.3070454597473145, 5.451815128326416, 5.240195035934448, 5.0805370807647705, 5.03878378868103, 5.108211040496826, 4.803274393081665, 5.305084705352783, 5.027375221252441, 4.806198596954346, 5.049644708633423, 5.7107439041137695], "comm_send": [0.0009877681732177734, 0.0008759498596191406, 0.000985860824584961, 0.0009169578552246094, 0.0010237693786621094, 0.0007617473602294922, 0.0009284019470214844, 0.0009577274322509766, 0.0010056495666503906, 0.0008358955383300781, 0.0010149478912353516, 0.0008521080017089844, 0.0006911754608154297, 0.0007812976837158203, 0.0009515285491943359, 0.0008757114410400391, 0.0008296966552734375, 0.0008709430694580078, 0.0009636878967285156, 0.0008671283721923828, 0.0008709430694580078, 0.0006670951843261719, 0.0008780956268310547, 0.0008909702301025391, 0.0009033679962158203, 0.0010907649993896484, 0.0008900165557861328, 0.0009114742279052734, 0.0008862018585205078, 0.0007951259613037109, 0.0007772445678710938, 0.0008645057678222656, 0.0009980201721191406, 0.0008835792541503906, 0.0010645389556884766, 0.0010387897491455078, 0.001096487045288086, 0.0008585453033447266, 0.0009362697601318359, 0.0008254051208496094, 0.0009419918060302734, 0.0008800029754638672, 0.0009980201721191406, 0.0008895397186279297, 0.0008869171142578125, 0.0009546279907226562, 0.0009441375732421875, 0.0009257793426513672, 0.0010831356048583984, 0.0006842613220214844], "comm_recv": [0.6584880352020264, 0.3298475742340088, 0.3637814521789551, 0.7027461528778076, 0.9235284328460693, 0.0055391788482666016, 0.7217490673065186, 0.7159359455108643, 0.6380059719085693, 0.00515294075012207, 1.3811471462249756, 0.005262613296508789, 0.00454401969909668, 0.32034969329833984, 1.1145594120025635, 0.6327764987945557, 0.0051991939544677734, 0.2415766716003418, 0.6851856708526611, 0.005457878112792969, 0.005190849304199219, 0.0048885345458984375, 0.005598306655883789, 0.3815648555755615, 0.6915059089660645, 0.27928709983825684, 0.07454085350036621, 0.46927571296691895, 0.4400758743286133, 0.25098729133605957, 0.31083226203918457, 0.9666218757629395, 0.5549890995025635, 0.6296846866607666, 0.530484676361084, 0.6527607440948486, 0.5062017440795898, 0.004918336868286133, 0.06019783020019531, 0.23859143257141113, 0.3984198570251465, 0.6203212738037109, 0.5661928653717041, 0.6004576683044434, 0.5164461135864258, 0.4132671356201172, 0.3183112144470215, 1.2823755741119385, 0.6961462497711182, 0.004386425018310547], "conv_send": [0.030028581619262695, 0.006542682647705078, 0.007167816162109375, 0.006740570068359375, 0.007073640823364258, 0.006880998611450195, 0.00654292106628418, 0.007338285446166992, 0.006945371627807617, 0.006804227828979492, 0.0072247982025146484, 0.006570339202880859, 0.0069026947021484375, 0.007133960723876953, 0.006882429122924805, 0.006722688674926758, 0.006460666656494141, 0.006839275360107422, 0.006999015808105469, 0.00634002685546875, 0.006432771682739258, 0.007175445556640625, 0.006358623504638672, 0.006819725036621094, 0.006693840026855469, 0.0069425106048583984, 0.006409406661987305, 0.00675654411315918, 0.006737470626831055, 0.006941318511962891, 0.006405830383300781, 0.006679534912109375, 0.006943225860595703, 0.006469011306762695, 0.0069582462310791016, 0.006738424301147461, 0.007019758224487305, 0.006577968597412109, 0.006467342376708984, 0.006987571716308594, 0.006686687469482422, 0.006382942199707031, 0.006597280502319336, 0.006404399871826172, 0.007028102874755859, 0.006801605224609375, 0.007046699523925781, 0.00693511962890625, 0.006699800491333008, 0.007018089294433594], "conv_recv": [0.0003199577331542969, 0.0005223751068115234, 0.0005369186401367188, 0.00030875205993652344, 0.000362396240234375, 0.0002751350402832031, 0.00034499168395996094, 0.00031256675720214844, 0.00030803680419921875, 0.0002665519714355469, 0.0003123283386230469, 0.00026869773864746094, 0.0002512931823730469, 0.0003733634948730469, 0.0003101825714111328, 0.0003135204315185547, 0.0002627372741699219, 0.0003197193145751953, 0.00031757354736328125, 0.00027942657470703125, 0.00026226043701171875, 0.0002605915069580078, 0.0002720355987548828, 0.0003178119659423828, 0.0003066062927246094, 0.00031447410583496094, 0.0003104209899902344, 0.00030994415283203125, 0.00031495094299316406, 0.00031876564025878906, 0.00035452842712402344, 0.0003094673156738281, 0.00031304359436035156, 0.0003123283386230469, 0.0003151893615722656, 0.0003387928009033203, 0.0003116130828857422, 0.00026345252990722656, 0.0003142356872558594, 0.0003135204315185547, 0.0003116130828857422, 0.00040721893310546875, 0.00031566619873046875, 0.0003075599670410156, 0.0003197193145751953, 0.00034499168395996094, 0.0003147125244140625, 0.0003094673156738281, 0.00031304359436035156, 0.0002505779266357422], "epochs": [9.814006567001343, 5.714475631713867, 5.756418943405151, 5.706225395202637, 5.812619209289551, 5.84309196472168, 5.7414281368255615, 5.742321252822876, 5.291637659072876, 5.787569999694824, 6.04842734336853, 5.636758089065552, 5.7723541259765625, 5.750207901000977, 5.788033723831177, 5.710515022277832, 5.639893054962158, 5.614346504211426, 5.707875490188599, 5.806532621383667, 5.338029146194458, 5.7865800857543945, 5.663813352584839, 5.405668258666992, 5.755506277084351, 5.3414740562438965, 5.397957801818848, 5.498032569885254, 5.436511278152466, 5.6598100662231445, 5.377204179763794, 6.054918527603149, 5.726756811141968, 5.402537107467651, 5.372821807861328, 5.70689582824707, 5.320503234863281, 5.455307483673096, 5.384237766265869, 5.707907676696777, 5.65592360496521, 5.7181267738342285, 5.622281551361084, 5.725582122802734, 5.337662935256958, 5.735979795455933, 5.363362073898315, 6.106127738952637, 5.763325452804565, 5.732393980026245]}}