{"times": {"train": [9.14944863319397, 5.4363625049591064, 5.717941999435425, 5.306630373001099, 4.693064451217651, 4.972754001617432, 4.622117042541504, 5.40532660484314, 5.00554347038269, 4.998592376708984, 4.631338119506836, 4.9623801708221436, 4.903861045837402, 5.3386900424957275, 4.627291679382324, 5.018738269805908, 5.00939416885376, 4.6726837158203125, 5.020402908325195, 5.724153995513916, 4.642866849899292, 5.681913614273071, 5.335618734359741, 4.980065584182739, 4.996554613113403, 4.9666337966918945, 5.321876287460327, 5.011116981506348, 4.969329357147217, 4.679344654083252, 5.34514307975769, 4.610293626785278, 4.70351243019104, 5.180870771408081, 5.015157461166382, 5.31192421913147, 5.296817779541016, 4.948344707489014, 4.628100633621216, 5.686084985733032, 5.112333059310913, 4.622678756713867, 4.593384265899658, 5.023602485656738, 4.979746580123901, 5.705701112747192, 5.297430753707886, 4.9917097091674805, 4.958089590072632, 5.316303730010986], "comm_send": [0.0009350776672363281, 0.0008649826049804688, 0.0007517337799072266, 0.0009586811065673828, 0.0008912086486816406, 0.0008525848388671875, 0.0009815692901611328, 0.0007271766662597656, 0.0009918212890625, 0.0009493827819824219, 0.0009336471557617188, 0.0008692741394042969, 0.001033782958984375, 0.0008924007415771484, 0.0011343955993652344, 0.0008525848388671875, 0.0008852481842041016, 0.0009095668792724609, 0.00093841552734375, 0.0008463859558105469, 0.0010688304901123047, 0.0008418560028076172, 0.0008604526519775391, 0.0009212493896484375, 0.0009989738464355469, 0.0008985996246337891, 0.0007355213165283203, 0.0028972625732421875, 0.0009164810180664062, 0.0011973381042480469, 0.0007753372192382812, 0.0011949539184570312, 0.0018248558044433594, 0.0008406639099121094, 0.0010831356048583984, 0.0008862018585205078, 0.0008015632629394531, 0.0009691715240478516, 0.0011265277862548828, 0.0007374286651611328, 0.0009138584136962891, 0.0010821819305419922, 0.0010068416595458984, 0.0008056163787841797, 0.0007982254028320312, 0.00091552734375, 0.0009026527404785156, 0.0008645057678222656, 0.00093841552734375, 0.0008332729339599609], "comm_recv": [0.6236672401428223, 0.26059722900390625, 0.021370410919189453, 0.3824276924133301, 1.1028623580932617, 0.8511190414428711, 1.1018996238708496, 0.3194108009338379, 0.2684926986694336, 0.7707653045654297, 1.400017499923706, 0.6564433574676514, 0.8516786098480225, 0.39287328720092773, 1.1431937217712402, 0.6742579936981201, 0.6131923198699951, 0.9236536026000977, 0.6696369647979736, 0.06478548049926758, 0.676837682723999, 0.08724665641784668, 0.31121397018432617, 0.40746021270751953, 0.7418456077575684, 0.3576314449310303, 0.058446407318115234, 0.46735692024230957, 0.4480161666870117, 0.963435173034668, 0.013375997543334961, 1.427337408065796, 1.0041203498840332, 0.20438313484191895, 0.33965301513671875, 0.3778965473175049, 0.0058443546295166016, 0.4907193183898926, 0.7372410297393799, 0.003996372222900391, 0.5263364315032959, 1.0773797035217285, 1.0079150199890137, 0.6854021549224854, 0.33984923362731934, 0.013374805450439453, 0.04784512519836426, 1.0978779792785645, 0.7861003875732422, 0.4007267951965332], "conv_send": [0.03021836280822754, 0.006918668746948242, 0.006945133209228516, 0.006362438201904297, 0.00709843635559082, 0.006786823272705078, 0.007056713104248047, 0.006855487823486328, 0.006632804870605469, 0.007451295852661133, 0.006986379623413086, 0.006527423858642578, 0.00712275505065918, 0.006773710250854492, 0.007088422775268555, 0.006879568099975586, 0.0067746639251708984, 0.006991386413574219, 0.006670713424682617, 0.006890058517456055, 0.007949352264404297, 0.006857633590698242, 0.006428241729736328, 0.0069653987884521484, 0.006621599197387695, 0.006808757781982422, 0.006936311721801758, 0.007051706314086914, 0.006741523742675781, 0.006970405578613281, 0.006913423538208008, 0.007230281829833984, 0.007234334945678711, 0.006998538970947266, 0.006584644317626953, 0.006412029266357422, 0.006445407867431641, 0.007040739059448242, 0.00754094123840332, 0.006992340087890625, 0.006973981857299805, 0.007564067840576172, 0.007508754730224609, 0.006824016571044922, 0.006676435470581055, 0.00694584846496582, 0.006566286087036133, 0.00664520263671875, 0.0068323612213134766, 0.007044792175292969], "conv_recv": [0.00032019615173339844, 0.00031638145446777344, 0.0003037452697753906, 0.00033593177795410156, 0.00031447410583496094, 0.00031113624572753906, 0.0003726482391357422, 0.00030493736267089844, 0.00031685829162597656, 0.00033974647521972656, 0.00032138824462890625, 0.00032138824462890625, 0.00036072731018066406, 0.00030922889709472656, 0.0003159046173095703, 0.00031828880310058594, 0.00031113624572753906, 0.000316619873046875, 0.0003116130828857422, 0.00031256675720214844, 0.00042176246643066406, 0.0003046989440917969, 0.00031375885009765625, 0.0003209114074707031, 0.00031113624572753906, 0.0003154277801513672, 0.000316619873046875, 0.00031876564025878906, 0.00037860870361328125, 0.0003666877746582031, 0.000335693359375, 0.0003528594970703125, 0.00030994415283203125, 0.00031638145446777344, 0.00031948089599609375, 0.00031185150146484375, 0.0002601146697998047, 0.0003247261047363281, 0.0003170967102050781, 0.0002536773681640625, 0.0003178119659423828, 0.0006563663482666016, 0.00034236907958984375, 0.0003731250762939453, 0.0003180503845214844, 0.0002760887145996094, 0.0003428459167480469, 0.0003256797790527344, 0.0003075599670410156, 0.00036072731018066406], "epochs": [9.814161777496338, 5.714664936065674, 5.756747007369995, 5.70633602142334, 5.81383204460144, 5.84128212928772, 5.741860628128052, 5.742327690124512, 5.291339159011841, 5.787590026855469, 6.049163341522217, 5.636006116867065, 5.7734534740448, 5.7492454051971436, 5.788369178771973, 5.71044397354126, 5.6399986743927, 5.614115238189697, 5.7074806690216064, 5.806343078613281, 5.338651418685913, 5.786507606506348, 5.663815259933472, 5.4052042961120605, 5.755935192108154, 5.341696500778198, 5.397918224334717, 5.498160123825073, 5.434844970703125, 5.660752534866333, 5.376583576202393, 6.055891036987305, 5.726595401763916, 5.402876377105713, 5.372259616851807, 5.706940412521362, 5.31932520866394, 5.456834077835083, 5.383741140365601, 5.707371473312378, 5.65643572807312, 5.7203943729400635, 5.6197288036346436, 5.726542949676514, 5.336893796920776, 5.736679792404175, 5.362546682357788, 6.106990337371826, 5.761922121047974, 5.734919309616089]}}