{"acc": [0.585439012306003, 0.7703102612514897, 0.8472662997629856, 0.90507371550235, 0.9549940411628436], "mcc": [0.37711510387835323, 0.6419114995862026, 0.7715969697765261, 0.8547947487036425, 0.9303109065797355], "f1": [0.5184991407898862, 0.7616845540351808, 0.840411498045207, 0.9023002988756895, 0.9559922331658797], "times": {"epochs": [1.1833055019378662, 1.000504732131958, 0.7779242992401123, 0.7667467594146729, 0.7839994430541992], "sync": [0.07189106941223145, 0.07268023490905762], "comm_send": [2.6226043701171875e-05, 2.4080276489257812e-05, 2.7894973754882812e-05, 2.8371810913085938e-05, 4.1484832763671875e-05, 2.956390380859375e-05, 3.7670135498046875e-05, 2.4318695068359375e-05, 2.4318695068359375e-05, 2.193450927734375e-05, 2.4557113647460938e-05], "comm_recv": [1.1715590953826904, 0.011212587356567383, 0.31442904472351074, 0.685462236404419, 3.3855438232421875e-05, 0.7773857116699219, 4.315376281738281e-05, 0.7662367820739746, 3.0040740966796875e-05, 0.7834742069244385, 0.05730438232421875], "conv_send": [6.198883056640625e-05, 4.291534423828125e-05, 6.842613220214844e-05, 5.269050598144531e-05, 6.747245788574219e-05, 5.793571472167969e-05, 4.9591064453125e-05, 5.936622619628906e-05, 4.9114227294921875e-05, 5.269050598144531e-05, 5.0067901611328125e-05], "conv_recv": [6.437301635742188e-05, 5.2928924560546875e-05, 6.461143493652344e-05, 7.200241088867188e-05, 2.7179718017578125e-05, 5.364418029785156e-05, 2.7179718017578125e-05, 6.318092346191406e-05, 3.0279159545898438e-05, 5.91278076171875e-05, 5.4836273193359375e-05], "global_times": [1.6157896518707275, 2.8030831813812256, 3.7550647258758545, 4.732999801635742, 5.6922760009765625]}}