{"times": {"train": [1.1796321868896484, 1.0017650127410889, 0.7753338813781738, 0.776731014251709, 0.7814671993255615], "comm_send": [6.580352783203125e-05, 0.18481063842773438, 3.743171691894531e-05, 0.20073843002319336, 3.933906555175781e-05], "comm_recv": [0.000209808349609375, 0.00019025802612304688, 0.0002608299255371094, 0.00016355514526367188, 0.00025963783264160156], "conv_send": [0.0005180835723876953, 0.0007441043853759766, 0.0006718635559082031, 0.0005059242248535156, 0.0006456375122070312], "conv_recv": [3.24249267578125e-05, 5.364418029785156e-05, 3.62396240234375e-05, 5.364418029785156e-05, 3.743171691894531e-05], "epochs": [1.1818065643310547, 1.1888368129730225, 0.7775073051452637, 0.9794456958770752, 0.7840225696563721]}}