{"times": {"train": [1.1677000522613525, 0.6831672191619873, 0.683422327041626, 0.7834887504577637, 0.7642180919647217, 1.0157084465026855], "comm_send": [6.914138793945312e-05, 4.458427429199219e-05, 3.933906555175781e-05, 0.16788005828857422, 4.1961669921875e-05, 4.1961669921875e-05], "comm_recv": [0.0003025531768798828, 0.0002911090850830078, 0.0002994537353515625, 0.00017380714416503906, 0.0002720355987548828, 0.00021457672119140625], "conv_send": [0.0007026195526123047, 0.00055694580078125, 0.0005748271942138672, 0.0006239414215087891, 0.0006761550903320312, 0.0007777214050292969], "conv_recv": [3.6716461181640625e-05, 2.6702880859375e-05, 2.7894973754882812e-05, 4.1961669921875e-05, 0.00010156631469726562, 2.9087066650390625e-05], "epochs": [1.1703331470489502, 0.6854729652404785, 0.6854815483093262, 0.9534487724304199, 0.7664399147033691, 1.0179736614227295]}}