{"acc": [0.43173011467769806, 0.7447373933078494, 0.9164528459967534, 0.9049981672514007, 0.9080483845630204, 0.9095669476881185, 0.9103262292506676, 0.9563020369691575, 0.9565114939519296, 0.9566554956275855, 0.9568256794260879, 0.9571398649002462, 0.9574016861287113, 0.9576765984185998, 0.9580562391998744, 0.9585013352882652, 0.9590511598680421, 0.9596664397549354, 0.9602424464575587, 0.9608708174058753, 0.9615515525998848, 0.962467926899513, 0.9632795727077551, 0.9640650363931508, 0.9647457715871602, 0.9711342095617113, 0.9916609938733832, 0.9917395402419228, 0.9917788134261926, 0.9918311776718857, 0.9918442687333089, 0.9918704508561554, 0.991948997224695, 0.9921584542074672, 0.9924726396816254, 0.9924857307430487, 0.9925642771115882, 0.9925642771115882, 0.9927082787872441, 0.9927082787872441, 0.9927082787872441, 0.9927868251557836, 0.9927868251557836, 0.9928130072786302, 0.9928130072786302, 0.9928130072786302, 0.9928130072786302, 0.9928130072786302, 0.9928522804629, 0.9928653715243232], "mcc": [0.4412132799803784, 0.7376910697191266, 0.9055558984417673, 0.8879511539171271, 0.8913640127884935, 0.8930677249875867, 0.8939308460923607, 0.9476650446726369, 0.947917511499403, 0.9480927759534518, 0.9482996742773475, 0.9486802151005096, 0.9489981301067513, 0.9493338533098713, 0.9497977612964139, 0.9503420827722739, 0.9510141494881292, 0.9517663224762773, 0.9524728825438858, 0.9532445678801786, 0.9540816139141565, 0.9552096310183825, 0.9562108277157086, 0.9571801552637189, 0.9580223186059162, 0.9659803127234455, 0.9900240730570733, 0.9901176720401402, 0.9901645397678076, 0.9902271236233567, 0.9902426994032099, 0.9902739959656544, 0.9903676401131206, 0.9906173398400193, 0.9909920936817026, 0.9910077526459427, 0.9911014549484558, 0.9911014549484558, 0.9912732455433564, 0.9912732455433564, 0.9912732455433564, 0.9913672776002187, 0.9913672776002187, 0.9913984837034675, 0.9913984837034675, 0.9913984837034675, 0.9913984837034675, 0.9913984837034675, 0.9914454485859447, 0.9914610164914468], "f1": [0.3896578893554595, 0.6995863513009933, 0.9120955426096015, 0.9029849075355759, 0.9062903231245866, 0.9079278266464482, 0.9087383055067236, 0.9560777814503477, 0.9562868220887993, 0.9564306945575421, 0.9566004599197361, 0.9569156445930345, 0.9571778423558909, 0.9574530391367334, 0.9578330327424004, 0.9582784870076847, 0.9588277478985949, 0.9594409217002947, 0.960017171378538, 0.9606457365651364, 0.9613266140959177, 0.9622427981575042, 0.963054493540691, 0.9638398834518963, 0.9645206562511772, 0.9709130850201836, 0.9916858103627179, 0.9917649158018271, 0.9918042375290819, 0.9918571409092435, 0.9918701004311599, 0.9918964617794183, 0.9919758592926763, 0.9921876961859549, 0.9925054474516481, 0.9925186494478515, 0.9925981147539381, 0.9925981147539381, 0.992743483138503, 0.992743483138503, 0.992743483138503, 0.9928232997817688, 0.9928232997817688, 0.9928490193415517, 0.9928490193415517, 0.9928490193415517, 0.9928490193415517, 0.9928490193415517, 0.9928884183114436, 0.9929011497301888], "times": {"epochs": [25.783369064331055, 12.980345249176025, 12.77302074432373, 15.167905807495117, 15.26472282409668, 15.207405090332031, 16.81968116760254, 14.744421005249023, 13.331997394561768, 20.22761631011963, 16.934038639068604, 18.23751187324524, 13.139455318450928, 13.587756872177124, 18.73031759262085, 13.433935403823853, 19.80747127532959, 15.240865707397461, 18.426982164382935, 18.79302668571472, 12.795382976531982, 16.835903644561768, 14.50045657157898, 17.00903558731079, 14.74557638168335, 13.069092512130737, 15.159490823745728, 14.971687078475952, 13.237490177154541, 18.486730575561523, 18.601792335510254, 15.221436738967896, 15.05325984954834, 12.960371255874634, 15.179539918899536, 16.939683198928833, 13.552688360214233, 14.688342571258545, 13.354268074035645, 15.174384355545044, 18.543404579162598, 16.770076990127563, 16.88254952430725, 14.956440448760986, 18.751731872558594, 15.007189750671387, 16.755363941192627, 17.819188594818115, 15.181412696838379, 14.96888279914856], "sync": [2.210617780685425, 2.244962692260742], "comm_send": [0.0005471706390380859, 0.0005321502685546875, 0.0005173683166503906, 0.0005278587341308594, 0.0005526542663574219, 0.00047969818115234375, 0.0004820823669433594, 0.0005679130554199219, 0.0005202293395996094, 0.0005311965942382812, 0.0005917549133300781, 0.0005824565887451172, 0.0005631446838378906, 0.0035436153411865234, 0.0005171298980712891, 0.0005280971527099609, 0.0005490779876708984, 0.0005242824554443359, 0.0005955696105957031, 0.0005121231079101562, 0.0005087852478027344, 0.0005116462707519531, 0.0004699230194091797, 0.0006296634674072266, 0.0005331039428710938, 0.0005004405975341797, 0.0005364418029785156, 0.0005047321319580078, 0.0004935264587402344, 0.0005042552947998047, 0.00052642822265625, 0.0004773139953613281, 0.0005004405975341797, 0.0005381107330322266, 0.0009629726409912109, 0.0005362033843994141, 0.0005064010620117188, 0.0005080699920654297, 0.0005586147308349609, 0.0005326271057128906, 0.0005648136138916016, 0.00048470497131347656, 0.0005099773406982422, 0.0005002021789550781, 0.0004971027374267578, 0.0005426406860351562, 0.0005116462707519531, 0.0004878044128417969, 0.000553131103515625, 0.0005488395690917969, 0.0005402565002441406, 0.0005145072937011719, 0.0005173683166503906, 0.0005130767822265625, 0.000514984130859375, 0.0005600452423095703, 0.0005388259887695312, 0.0005555152893066406, 0.0004911422729492188, 0.000507354736328125, 0.0005114078521728516, 0.0005600452423095703, 0.0005314350128173828, 0.0004990100860595703, 0.0004992485046386719, 0.0005195140838623047, 0.0005886554718017578, 0.0005626678466796875, 0.0005574226379394531, 0.0005397796630859375, 0.0005047321319580078, 0.0006489753723144531, 0.0004887580871582031, 0.0005207061767578125, 0.0005159378051757812, 0.0005486011505126953, 0.0005462169647216797, 0.0005490779876708984, 0.000553131103515625, 0.0005311965942382812, 0.0005483627319335938, 0.0005693435668945312, 0.0005762577056884766, 0.0005328655242919922, 0.0005521774291992188, 0.0005528926849365234, 0.0005154609680175781, 0.0005023479461669922, 0.0005040168762207031, 0.0005068778991699219, 0.0004703998565673828, 0.0005071163177490234, 0.0005629062652587891, 0.0005908012390136719, 0.00048422813415527344, 0.0005617141723632812, 0.0006277561187744141, 0.0005023479461669922, 0.0005371570587158203, 0.0006277561187744141],