{"times": {"train": [23.871228218078613, 16.372355222702026, 16.727137327194214, 20.209636449813843, 18.257195949554443, 16.470802307128906, 20.13549518585205, 16.559306383132935, 20.161537408828735, 20.171555042266846, 20.095750331878662, 21.938777923583984, 20.33015751838684, 18.447328805923462, 22.072710037231445, 16.67492437362671, 23.68106174468994, 18.481791973114014, 21.82705807685852, 22.064926147460938, 16.628955125808716, 20.15911102294922, 18.051251888275146, 20.276806354522705, 18.0329487323761, 16.323086500167847, 18.461195945739746, 18.3208224773407, 16.538644075393677, 21.728745460510254, 21.934220790863037, 18.51643943786621, 18.43785524368286, 16.68374800682068, 18.411336660385132, 22.017200231552124, 18.381936073303223, 20.208646535873413, 18.337347745895386, 16.595296144485474, 23.8244366645813, 18.2025465965271, 22.00076389312744, 20.22720766067505, 16.496265411376953, 20.104249715805054, 18.491113901138306, 16.375874519348145, 18.547924280166626, 18.294401168823242], "comm_send": [0.0008876323699951172, 0.0008666515350341797, 0.0009448528289794922, 0.0008480548858642578, 0.0008358955383300781, 0.0010967254638671875, 0.0008132457733154297, 0.0009274482727050781, 0.0009844303131103516, 0.0008113384246826172, 0.0007960796356201172, 0.0008285045623779297, 0.0008797645568847656, 0.0008058547973632812, 0.0008716583251953125, 0.0008563995361328125, 0.0009307861328125, 0.0009684562683105469, 0.0008783340454101562, 0.0008094310760498047, 0.0008933544158935547, 0.0009136199951171875, 0.0008728504180908203, 0.0008332729339599609, 0.0008502006530761719, 0.0008244514465332031, 0.000934600830078125, 0.0008852481842041016, 0.0008294582366943359, 0.0008139610290527344, 0.0008962154388427734, 0.0008001327514648438, 0.0009119510650634766, 0.0009043216705322266, 0.0008547306060791016, 1.5235395431518555, 0.0009715557098388672, 0.0014071464538574219, 0.0008587837219238281, 0.0013718605041503906, 0.0009644031524658203, 0.0008821487426757812, 0.0010249614715576172, 0.0008721351623535156, 0.0008697509765625, 0.0009467601776123047, 0.0007920265197753906, 0.0008139610290527344, 0.00077056884765625, 0.0009248256683349609], "comm_recv": [0.0035676956176757812, 0.0032444000244140625, 0.0039052963256835938, 0.003265380859375, 0.0033380985260009766, 0.0034759044647216797, 0.004326820373535156, 0.003362417221069336, 0.0034766197204589844, 0.004173994064331055, 0.0035622119903564453, 0.003927707672119141, 0.003403902053833008, 0.003282785415649414, 0.0034127235412597656, 0.00410151481628418, 0.004662990570068359, 0.003635883331298828, 0.0034236907958984375, 0.0032958984375, 0.003405332565307617, 0.003306150436401367, 0.0032057762145996094, 0.003386974334716797, 0.0038902759552001953, 0.0034856796264648438, 0.0036897659301757812, 0.003598451614379883, 0.005009651184082031, 0.003368854522705078, 0.003659486770629883, 0.0033082962036132812, 0.0035169124603271484, 0.003632783889770508, 0.003498077392578125, 0.003163576126098633, 0.004123210906982422, 0.003072977066040039, 0.003452777862548828, 0.0036191940307617188, 0.0034253597259521484, 0.0034792423248291016, 0.0037932395935058594, 0.003461122512817383, 0.003318309783935547, 0.004899263381958008, 0.0033113956451416016, 0.0035545825958251953, 0.0032689571380615234, 0.0041697025299072266], "conv_send": [0.02432990074157715, 0.006103992462158203, 0.006251811981201172, 0.006258487701416016, 0.006071805953979492, 0.006200313568115234, 0.006102085113525391, 0.006193399429321289, 0.006378650665283203, 0.006715536117553711, 0.006621837615966797, 0.006774425506591797, 0.006615877151489258, 0.006228923797607422, 0.006926536560058594, 0.006253957748413086, 0.0067005157470703125, 0.00628662109375, 0.006639719009399414, 0.006708383560180664, 0.0062808990478515625, 0.006648540496826172, 0.0061168670654296875, 0.006170034408569336, 0.006148576736450195, 0.006220579147338867, 0.0061740875244140625, 0.006412506103515625, 0.006369590759277344, 0.00672602653503418, 0.007049560546875, 0.006335258483886719, 0.0062787532806396484, 0.006330728530883789, 0.006229400634765625, 0.006302356719970703, 0.00687408447265625, 0.006750583648681641, 0.0063021183013916016, 0.006532430648803711, 0.006834506988525391, 0.00676274299621582, 0.006399631500244141, 0.006267547607421875, 0.006287574768066406, 0.00826573371887207, 0.006317138671875, 0.0062673091888427734, 0.006814479827880859, 0.0070154666900634766], "conv_recv": [0.00023436546325683594, 0.00024580955505371094, 0.00028014183044433594, 0.0002505779266357422, 0.00023865699768066406, 0.0002474784851074219, 0.0002510547637939453, 0.0002453327178955078, 0.0003325939178466797, 0.0002536773681640625, 0.0002605915069580078, 0.00027370452880859375, 0.0002651214599609375, 0.00025010108947753906, 0.0002741813659667969, 0.00025582313537597656, 0.0002663135528564453, 0.0002830028533935547, 0.0002675056457519531, 0.0002620220184326172, 0.00026869773864746094, 0.00026106834411621094, 0.00029015541076660156, 0.0003342628479003906, 0.00025010108947753906, 0.0002505779266357422, 0.0004024505615234375, 0.0002493858337402344, 0.00025200843811035156, 0.0002589225769042969, 0.0003993511199951172, 0.00025582313537597656, 0.0002598762512207031, 0.0002789497375488281, 0.0002605915069580078, 0.000392913818359375, 0.0003197193145751953, 0.000263214111328125, 0.00025534629821777344, 0.0003445148468017578, 0.00026535987854003906, 0.0002639293670654297, 0.0002989768981933594, 0.0002608299255371094, 0.0002503395080566406, 0.000278472900390625, 0.0002505779266357422, 0.0003418922424316406, 0.0002460479736328125, 0.00030922889709472656], "epochs": [23.914568662643433, 16.397427320480347, 16.75302815437317, 20.234434366226196, 18.281718969345093, 16.49607014656067, 20.161192417144775, 16.58425998687744, 20.18767738342285, 20.197953939437866, 20.121456384658813, 21.965049743652344, 20.35576367378235, 18.472137212753296, 22.099087238311768, 16.700799703598022, 23.708030462265015, 18.507172107696533, 21.8525812625885, 22.090311527252197, 16.65402579307556, 20.18459439277649, 18.075700759887695, 20.30195426940918, 18.05854344367981, 16.348060131072998, 18.487191677093506, 18.346457719802856, 16.56562304496765, 21.75438094139099, 21.960934162139893, 18.541701316833496, 18.46321702003479, 16.709431886672974, 18.43669629096985, 23.565409183502197, 18.408825635910034, 20.234769582748413, 18.36263418197632, 16.621893882751465, 23.85057282447815, 18.228511095046997, 22.02694797515869, 20.252654790878296, 16.521312713623047, 20.133841514587402, 18.51645255088806, 16.401609420776367, 18.573599576950073, 18.32169246673584]}}