{"times": {"train": [25.730321645736694, 16.884613037109375, 16.62083148956299, 18.443901300430298, 18.558917760849, 18.516282320022583, 20.358954906463623, 18.600817680358887, 16.66719126701355, 23.82973074913025, 20.203836917877197, 21.951704502105713, 16.511691331863403, 16.871675968170166, 16.745030879974365, 16.753008604049683, 22.00938630104065, 18.43613052368164, 20.165269374847412, 18.269394636154175, 16.461421728134155, 16.695880651474, 18.28820562362671, 18.59055471420288, 18.459450244903564, 18.526151180267334, 20.255373239517212, 18.575570583343506, 18.48513174057007, 18.542256355285645, 18.5743989944458, 18.371889352798462, 18.666319370269775, 18.279679536819458, 18.56516408920288, 16.689255475997925, 16.29086136817932, 16.85851740837097, 18.35143756866455, 16.556862831115723, 18.44581437110901, 21.939996480941772, 20.141850233078003, 20.276278972625732, 18.455950021743774, 22.020825624465942, 18.27516770362854, 20.114554405212402, 22.114948987960815, 20.163647413253784], "comm_send": [0.0010311603546142578, 0.000881195068359375, 0.0007770061492919922, 0.000982046127319336, 0.0008590221405029297, 0.001027822494506836, 0.0008955001831054688, 0.0008661746978759766, 0.0009210109710693359, 0.0009458065032958984, 0.0009663105010986328, 0.0008978843688964844, 0.0009067058563232422, 0.0006465911865234375, 0.0008718967437744141, 0.0008351802825927734, 0.0009331703186035156, 0.0008823871612548828, 0.0007195472717285156, 0.0008451938629150391, 0.0009319782257080078, 0.0009038448333740234, 1.29429030418396, 0.000820159912109375, 1.013484001159668, 0.000865936279296875, 0.0008420944213867188, 0.0008387565612792969, 0.000835418701171875, 0.0009126663208007812, 0.0008687973022460938, 0.018318653106689453, 0.0009534358978271484, 0.4365875720977783, 0.0008397102355957031, 0.0008833408355712891, 0.0009105205535888672, 0.0008609294891357422, 0.0009262561798095703, 0.0009984970092773438, 0.000881195068359375, 0.0008516311645507812, 0.0008492469787597656, 0.0008544921875, 0.0008208751678466797, 0.0009350776672363281, 0.0009071826934814453, 0.0008904933929443359, 2.4327073097229004, 0.0009543895721435547], "comm_recv": [0.0036907196044921875, 0.0033605098724365234, 0.005405426025390625, 0.0037636756896972656, 0.003721475601196289, 0.004158735275268555, 0.007876396179199219, 0.003476381301879883, 0.0038824081420898438, 0.003226757049560547, 0.004395246505737305, 0.0038247108459472656, 0.0033979415893554688, 0.004514455795288086, 0.003248929977416992, 0.003618478775024414, 0.003415822982788086, 0.004004240036010742, 0.003615856170654297, 0.00552058219909668, 0.003472566604614258, 0.003412485122680664, 0.004025936126708984, 0.0034537315368652344, 0.003544330596923828, 0.0035669803619384766, 0.003473520278930664, 0.003604412078857422, 0.003402233123779297, 0.0034499168395996094, 0.00354766845703125, 0.003452777862548828, 0.0035123825073242188, 0.003674745559692383, 0.0036449432373046875, 0.0034558773040771484, 0.004307985305786133, 0.0035157203674316406, 0.003416776657104492, 0.003534555435180664, 0.003634929656982422, 0.003707408905029297, 0.003612041473388672, 0.003350973129272461, 0.0034837722778320312, 0.0034978389739990234, 0.003442049026489258, 0.004068851470947266, 0.0028612613677978516, 0.004639863967895508], "conv_send": [0.02556324005126953, 0.006137847900390625, 0.006325960159301758, 0.006301164627075195, 0.006795406341552734, 0.006312847137451172, 0.006501197814941406, 0.006332874298095703, 0.00634765625, 0.006442070007324219, 0.006302833557128906, 0.006883144378662109, 0.0064508914947509766, 0.006351947784423828, 0.006453275680541992, 0.006255149841308594, 0.006279945373535156, 0.006269693374633789, 0.008281946182250977, 0.006314754486083984, 0.0062482357025146484, 0.006299018859863281, 0.006867408752441406, 0.006157875061035156, 0.00664830207824707, 0.006242513656616211, 0.006429433822631836, 0.006164073944091797, 0.006220579147338867, 0.006311655044555664, 0.006340742111206055, 0.006766796112060547, 0.006399393081665039, 0.006357908248901367, 0.006386280059814453, 0.0064945220947265625, 0.00627446174621582, 0.006283760070800781, 0.006869077682495117, 0.0063934326171875, 0.006328105926513672, 0.006810188293457031, 0.006348609924316406, 0.006296396255493164, 0.0061893463134765625, 0.007054805755615234, 0.0062444210052490234, 0.006153106689453125, 0.006432056427001953, 0.006302356719970703], "conv_recv": [0.00023627281188964844, 0.0002460479736328125, 0.00025725364685058594, 0.0002536773681640625, 0.00031185150146484375, 0.0002503395080566406, 0.0003819465637207031, 0.00024962425231933594, 0.0002593994140625, 0.0003070831298828125, 0.0002503395080566406, 0.00025177001953125, 0.0002713203430175781, 0.0002503395080566406, 0.00024437904357910156, 0.000244140625, 0.0002875328063964844, 0.0002505779266357422, 0.0005590915679931641, 0.00024890899658203125, 0.00025582313537597656, 0.0002522468566894531, 0.0003266334533691406, 0.00028395652770996094, 0.0003104209899902344, 0.0002562999725341797, 0.00032639503479003906, 0.0002472400665283203, 0.00025010108947753906, 0.00025391578674316406, 0.00025153160095214844, 0.0003116130828857422, 0.0002834796905517578, 0.00031280517578125, 0.0002543926239013672, 0.00031566619873046875, 0.00030732154846191406, 0.0002536773681640625, 0.0002474784851074219, 0.0002586841583251953, 0.0002522468566894531, 0.00026345252990722656, 0.0003330707550048828, 0.0002510547637939453, 0.00024056434631347656, 0.0002779960632324219, 0.00025010108947753906, 0.00024819374084472656, 0.0003323554992675781, 0.00025153160095214844], "epochs": [25.7759006023407, 16.909845113754272, 16.648362398147583, 18.469874382019043, 18.585609912872314, 18.54313349723816, 20.389405965805054, 18.626526594161987, 16.69340991973877, 23.855492115020752, 20.230502128601074, 21.97848677635193, 16.537612199783325, 16.898090600967407, 16.770456314086914, 16.778751850128174, 22.035038948059082, 18.462084770202637, 20.19430112838745, 18.296804189682007, 16.48797869682312, 16.721400499343872, 19.608849048614502, 18.61564540863037, 19.498332977294922, 18.551591873168945, 20.2813880443573, 18.600871086120605, 18.51038885116577, 18.567946195602417, 18.600048065185547, 18.41567063331604, 18.692225694656372, 18.741671323776245, 18.59104895591736, 16.7147798538208, 16.3176212310791, 16.88405179977417, 18.377502918243408, 16.582642316818237, 18.471734762191772, 21.966450691223145, 20.167891025543213, 20.301543951034546, 18.481132984161377, 22.04756999015808, 18.30060386657715, 20.14041018486023, 24.572323322296143, 20.19028115272522]}}