{"acc": [1.0], "mcc": [1.0], "f1": [1.0], "times": {"epochs": [3.0613670349121094], "sync": [0.060488224029541016, 0.06716275215148926], "comm_send": [2.9087066650390625e-05], "comm_recv": [2.331768035888672, 0.3905963897705078], "conv_send": [1.239776611328125e-05], "conv_recv": [6.961822509765625e-05, 6.842613220214844e-05], "global_times": [3.1285336017608643]}}