{"acc": [0.7026627218934911, 0.9063203644551501, 0.9104571398649003, 0.9111902393046029, 0.9569042257946274, 0.956734041996125, 0.956734041996125, 0.9570613185317065, 0.9574802324972509, 0.9579776928313347, 0.9585667905953815, 0.9593653453422003, 0.9603340838875216, 0.9613290045556894, 0.962664292820862, 0.963829397287532, 0.9648897732628161, 0.9711342095617113, 0.9916740849348065, 0.9918311776718857, 0.9918573597947321, 0.9918835419175787, 0.9919359061632718, 0.9924857307430487, 0.9924857307430487, 0.9925642771115882, 0.9927082787872441, 0.9927213698486673, 0.9927999162172069, 0.9928130072786302, 0.9928130072786302, 0.9928260983400534, 0.9928391894014766, 0.9928784625857464, 0.9928915536471697, 0.9945933916321935, 0.9945933916321935, 0.9945933916321935, 0.9945933916321935, 0.9946064826936168, 0.9946064826936168, 0.9947635754306959, 0.9949075771063518, 0.9953134000104729, 0.9954966748703985, 0.995575221238938, 0.995627585484631, 0.9956799497303241, 0.9956930407917474, 0.9957192229145939], "mcc": [0.6991705547410321, 0.8894416989318659, 0.8940736623743875, 0.8948986916519936, 0.9483985333756001, 0.9481885803523997, 0.9481878898867085, 0.9485839226664223, 0.949094033021159, 0.9497017526910948, 0.9504213800997068, 0.9513986194306494, 0.9525853619314419, 0.9538073675737085, 0.955451712109291, 0.9568893985248434, 0.9582006109872352, 0.9659803127234455, 0.9900397179175616, 0.9902270571731452, 0.9902583474818263, 0.9902896448547129, 0.9903520906946882, 0.9910077526459427, 0.9910077526459427, 0.9911014549484558, 0.9912732455433564, 0.9912888621785959, 0.9913828942178529, 0.9913984837034675, 0.9913984837034675, 0.991414100921992, 0.9914297185433322, 0.9914766345090014, 0.9914922958496584, 0.9935225567533036, 0.9935206950128344, 0.9935206950128344, 0.9935206103166874, 0.993536169892285, 0.9935360483636833, 0.9937243612434377, 0.9938968676206826, 0.9943844850658776, 0.9946041192134413, 0.9946982071324455, 0.9947609524244957, 0.9948237059929329, 0.9948393943564084, 0.9948707723084477], "f1": [0.6477158717050668, 0.9044147737566037, 0.9088805345699682, 0.9096678990003598, 0.9566797766461955, 0.9565093396041399, 0.9565087093341419, 0.9568363720496736, 0.9572564725739446, 0.9577544170627679, 0.9583433740407855, 0.9591418061172418, 0.9601088414387074, 0.9611037251148252, 0.9624391790128145, 0.9636040422024718, 0.9646646686468986, 0.9709130850201836, 0.9916989891607849, 0.9918567397953201, 0.9918832811172891, 0.9919096424176709, 0.9919625547784335, 0.9925186494478515, 0.9925186494478515, 0.9925981147539381, 0.992743483138503, 0.9927562773167035, 0.9928360939599692, 0.9928490193415517, 0.9928490193415517, 0.9928618139365538, 0.9928746084808404, 0.9929139442238745, 0.9929271549448933, 0.9946090104178754, 0.9946076411520653, 0.9946076411520653, 0.9946076075386534, 0.9946204299882812, 0.9946203935529186, 0.9947788895162545, 0.9949241010094284, 0.9953346385186036, 0.9955198398935318, 0.9955988175107887, 0.995651673038997, 0.9957045472474381, 0.9957177610700584, 0.9957441886827262], "times": {"epochs": [23.86267852783203, 16.22229838371277, 18.025038480758667, 14.87673020362854, 16.44851517677307, 18.54844307899475, 13.125521898269653, 16.92381238937378, 16.813857316970825, 14.552791357040405, 16.882622718811035, 14.67441463470459, 14.917460203170776, 15.024010181427002, 16.7359299659729, 15.057214736938477, 18.206383228302002, 15.226258754730225, 18.636712789535522, 18.118797302246094, 16.675799131393433, 15.133764743804932, 18.20523762702942, 18.740697622299194, 14.878220558166504, 15.096200942993164, 14.853558778762817, 16.776038646697998, 16.770740509033203, 15.141984939575195, 16.58435893058777, 16.634064435958862, 18.203274488449097, 17.006383419036865, 18.788280487060547, 16.762516021728516, 18.545444011688232, 16.899063110351562, 18.787269115447998, 16.733797550201416, 15.127097368240356, 16.90180230140686, 17.07369112968445, 13.38456106185913, 15.147990942001343, 15.071712017059326, 16.802932024002075, 13.41180682182312, 16.895185470581055, 16.559197902679443], "sync": [2.2170848846435547, 2.2518694400787354], "comm_send": [0.0007524490356445312, 0.000732421875, 0.0008330345153808594, 0.0008258819580078125, 0.0009467601776123047, 0.0008327960968017578, 0.0007433891296386719, 0.0007233619689941406, 0.0007390975952148438, 0.0007886886596679688, 0.0007817745208740234, 0.000865936279296875, 0.0008642673492431641, 0.0008139610290527344, 0.000751495361328125, 0.0009853839874267578, 0.0007064342498779297, 0.0007965564727783203, 0.0008730888366699219, 0.0007677078247070312, 0.0007879734039306641, 0.0007984638214111328, 0.0008037090301513672, 0.0008881092071533203, 0.000850677490234375, 0.000732421875, 0.0009486675262451172, 0.0007994174957275391, 0.0007898807525634766, 0.0008220672607421875, 0.0008568763732910156, 0.0007925033569335938, 0.0007905960083007812, 0.0008299350738525391, 0.0007131099700927734, 0.0007483959197998047, 0.0008175373077392578, 0.0008420944213867188, 0.0008161067962646484, 0.0008335113525390625, 0.0007598400115966797, 0.0008149147033691406, 0.0007824897766113281, 0.0007791519165039062, 0.0007352828979492188, 0.0008046627044677734, 0.0007565021514892578, 0.0007519721984863281, 0.0007836818695068359, 0.0007431507110595703], "comm_recv": [22.417858362197876, 1.4144105911254883, 12.438404321670532, 3.7716267108917236, 16.36997961997986, 1.6422255039215088, 14.789413213729858, 0.07529544830322266, 14.792264461517334, 1.6435110569000244, 18.412182092666626, 0.12334609031677246, 12.720603942871094, 0.3930208683013916, 12.92458200454712, 3.98732590675354, 15.046527624130249, 1.7548186779022217, 14.474010944366455, 0.0660099983215332, 16.676385641098022, 0.19443678855895996, 14.64812707901001, 0.01392674446105957, 14.602181911468506, 0.3024628162384033, 12.91391396522522, 2.0979158878326416, 13.363912343978882, 3.36002254486084, 13.198095321655273, 1.845883846282959, 14.73343539237976, 3.461016893386841, 13.45261287689209, 1.7615127563476562, 14.907312870025635, 3.7161998748779297, 14.508250713348389, 3.5982437133789062, 13.171256303787231, 3.492626428604126, 15.084057331085205, 0.03741312026977539, 14.803314685821533, 3.3896632194519043, 13.17355990409851, 5.554051876068115, 14.663323640823364, 0.2029404640197754, 13.262369632720947, 1.8218529224395752, 14.710216283798218, 0.13107562065124512, 16.498862981796265, 0.2639024257659912, 14.908987760543823, 1.8496050834655762, 13.196686029434204, 1.932964563369751, 14.712331771850586, 1.8586993217468262, 15.136919498443604, 1.4851908683776855, 16.3106689453125, 1.8806276321411133, 13.442957162857056, 3.5510008335113525, 13.394737243652344, 5.38162088394165, 15.193418502807617, 1.5572633743286133, 16.54142451286316, 1.9916784763336182, 15.212617874145508, 1.6738710403442383, 13.5726318359375, 5.20157265663147, 14.68770980834961, 2.0339183807373047, 14.92226505279541, 0.1930220127105713, 16.86716628074646, 0.020354747772216797, 15.290581464767456, 1.7708556652069092, 13.161832094192505, 0.21045422554016113, 13.497575998306274, 1.6381635665893555, 15.038445234298706, 0.020307540893554688, 16.627243518829346, 0.16344237327575684, 13.379292726516724, 0.02054882049560547, 16.81731081008911, 0.06520318984985352, 14.841077089309692, 1.7061238288879395],