{"times": {"train": [21.96433401107788, 19.847835302352905, 19.65655517578125, 17.91984486579895, 17.864110708236694, 15.869634866714478, 15.968713760375977, 23.60083532333374, 17.989423036575317, 17.813282012939453, 18.008017778396606, 21.800330877304077, 17.923818826675415, 21.477163553237915, 19.56242609024048, 17.833037853240967, 17.726704359054565, 15.68594765663147, 16.077214241027832, 19.62888264656067, 18.01526689529419, 17.79455852508545, 17.91195011138916, 16.021647930145264, 17.987701416015625, 17.73906445503235, 17.989948749542236, 17.911805391311646, 19.78566837310791, 19.71399235725403, 17.873987913131714, 15.966281652450562, 15.89578127861023, 15.911893844604492, 17.820369005203247, 17.827722787857056, 19.725536584854126, 19.89546537399292, 19.774158000946045, 21.68026566505432, 17.863770961761475, 19.904309034347534, 15.781148433685303, 21.817424058914185, 15.732085227966309, 16.07387638092041, 19.78675866127014, 18.010530710220337, 17.865639686584473, 17.966177701950073], "comm_send": [0.0007679462432861328, 0.0008971691131591797, 0.0009295940399169922, 0.0008752346038818359, 0.0008792877197265625, 0.0010504722595214844, 0.0008389949798583984, 0.0007791519165039062, 0.0008280277252197266, 0.0008356571197509766, 0.0007691383361816406, 0.0009493827819824219, 0.0008854866027832031, 0.0008463859558105469, 0.0009799003601074219, 0.0008444786071777344, 0.0008778572082519531, 0.0009481906890869141, 0.0008227825164794922, 0.0008447170257568359, 0.001239776611328125, 0.0009028911590576172, 0.0007417201995849609, 0.001018524169921875, 0.0008747577667236328, 0.0008697509765625, 0.0008828639984130859, 0.0010025501251220703, 0.0008697509765625, 0.0008730888366699219, 0.0009968280792236328, 0.0008480548858642578, 0.0008676052093505859, 0.0009872913360595703, 0.0013170242309570312, 0.000873565673828125, 0.00089263916015625, 0.0010142326354980469, 0.0008265972137451172, 0.0008635520935058594, 0.0009765625, 0.0008187294006347656, 0.0008931159973144531, 0.001031637191772461, 0.0009126663208007812, 0.0008456707000732422, 0.0009212493896484375, 0.0007855892181396484, 0.0009191036224365234, 0.0009918212890625], "comm_recv": [0.003889322280883789, 0.0039441585540771484, 0.0038237571716308594, 0.0034084320068359375, 1.918128252029419, 7.786858558654785, 1.9144651889801025, 0.0033206939697265625, 0.0052337646484375, 2.165266513824463, 0.0034618377685546875, 0.003933906555175781, 0.017296791076660156, 0.0034666061401367188, 0.0039348602294921875, 4.031731843948364, 0.3309488296508789, 4.052489519119263, 0.012956380844116211, 0.0032591819763183594, 0.0031905174255371094, 0.10507988929748535, 0.0032389163970947266, 0.25559520721435547, 0.0037648677825927734, 0.003190279006958008, 1.9083421230316162, 0.12366557121276855, 0.008240461349487305, 0.0037240982055664062, 0.2338414192199707, 0.16559743881225586, 2.0434792041778564, 4.0331971645355225, 0.06722450256347656, 2.156266689300537, 0.003557920455932617, 0.003977060317993164, 0.20525217056274414, 0.11916732788085938, 0.25992536544799805, 0.0035920143127441406, 2.112994909286499, 0.03186798095703125, 3.941493034362793, 1.9111158847808838, 0.003387928009033203, 0.0037670135498046875, 2.0051448345184326, 0.0034787654876708984], "conv_send": [0.02571845054626465, 0.00635218620300293, 0.006522417068481445, 0.006407976150512695, 0.006893634796142578, 0.006681680679321289, 0.006505489349365234, 0.006911754608154297, 0.006556510925292969, 0.00653386116027832, 0.006412982940673828, 0.0070247650146484375, 0.006934642791748047, 0.006409883499145508, 0.006804466247558594, 0.006372928619384766, 0.006423234939575195, 0.0067291259765625, 0.006437063217163086, 0.00646662712097168, 0.006543159484863281, 0.0063648223876953125, 0.006363868713378906, 0.006709098815917969, 0.007170677185058594, 0.006372213363647461, 0.00641632080078125, 0.006474018096923828, 0.006857395172119141, 0.00634312629699707, 0.006740093231201172, 0.006368875503540039, 0.006450653076171875, 0.006424665451049805, 0.006492137908935547, 0.006464242935180664, 0.0064122676849365234, 0.007003307342529297, 0.0064449310302734375, 0.007015228271484375, 0.006583690643310547, 0.006954193115234375, 0.006474971771240234, 0.007232666015625, 0.006408214569091797, 0.006367206573486328, 0.007139682769775391, 0.006448984146118164, 0.0065000057220458984, 0.0064907073974609375], "conv_recv": [0.0002448558807373047, 0.0002951622009277344, 0.00024580955505371094, 0.000244140625, 0.0003204345703125, 0.00030875205993652344, 0.0003066062927246094, 0.00024509429931640625, 0.0003566741943359375, 0.0003006458282470703, 0.0002434253692626953, 0.0003173351287841797, 0.0002522468566894531, 0.00028204917907714844, 0.0002753734588623047, 0.00030493736267089844, 0.0003066062927246094, 0.0004031658172607422, 0.0002529621124267578, 0.00024127960205078125, 0.00029540061950683594, 0.0003070831298828125, 0.0002429485321044922, 0.0003743171691894531, 0.00034499168395996094, 0.0002818107604980469, 0.00030684471130371094, 0.0003523826599121094, 0.00023865699768066406, 0.00024271011352539062, 0.0003809928894042969, 0.0003063678741455078, 0.0003097057342529297, 0.0003032684326171875, 0.000339508056640625, 0.000324249267578125, 0.0002353191375732422, 0.0002963542938232422, 0.0003046989440917969, 0.00030112266540527344, 0.0003383159637451172, 0.00024366378784179688, 0.0003094673156738281, 0.00031948089599609375, 0.0003044605255126953, 0.00030517578125, 0.0003247261047363281, 0.00026226043701171875, 0.00030350685119628906, 0.0002562999725341797], "epochs": [22.004157304763794, 19.868181705474854, 19.677247524261475, 17.93969988822937, 19.799575567245483, 23.673814058303833, 17.900055170059204, 23.621169328689575, 18.01147747039795, 19.99553918838501, 18.02780318260193, 21.821532726287842, 17.95848274230957, 21.4970703125, 19.58335542678833, 21.88146710395813, 18.074600219726562, 19.755810737609863, 16.106532335281372, 19.648484706878662, 18.03544044494629, 17.916340112686157, 17.9312903881073, 16.294679880142212, 18.008917808532715, 17.75852394104004, 19.91514015197754, 18.052595376968384, 19.810675859451294, 19.733970403671265, 18.125323057174683, 16.148658990859985, 17.956120252609253, 19.962000846862793, 17.90492343902588, 20.001672983169556, 19.74543333053589, 19.916690826416016, 19.996169328689575, 21.816814661026, 18.141007661819458, 19.925252437591553, 17.911306619644165, 21.866963386535645, 19.69042158126831, 18.001773595809937, 19.807619333267212, 18.0305655002594, 19.887744903564453, 17.986575841903687]}}