{"times": {"train": [2.7151474952697754], "comm_send": [4.220008850097656e-05], "comm_recv": [0.3388657569885254], "conv_send": [0.0035254955291748047], "conv_recv": [8.58306884765625e-06], "epochs": [3.0576322078704834]}}