{"acc": [0.8091029606716748, 0.9300070970420065, 0.9607787999303686], "mcc": [0.7150220114216465, 0.89476002654169, 0.939344078085717], "f1": [0.8003365456422394, 0.932674874199528, 0.9620965727747309], "times": {"epochs": [1.68288254737854, 0.9807932376861572, 0.9859590530395508], "sync": [0.05398750305175781, 0.05488085746765137], "comm_send": [4.029273986816406e-05, 4.601478576660156e-05, 4.1484832763671875e-05], "comm_recv": [1.1726233959197998, 0.2180495262145996, 0.7820000648498535, 0.01806187629699707, 0.7775070667266846, 0.01219940185546875], "conv_send": [4.839897155761719e-05, 6.747245788574219e-05, 5.3882598876953125e-05], "conv_recv": [5.269050598144531e-05, 2.574920654296875e-05, 5.7220458984375e-05, 5.078315734863281e-05, 5.507469177246094e-05, 5.7697296142578125e-05], "global_times": [1.7377662658691406, 2.7186036109924316, 3.7046163082122803]}}