{"times": {"train": [1.16886568069458, 0.7984631061553955, 0.7881495952606201], "comm_send": [5.435943603515625e-05, 3.528594970703125e-05, 4.2438507080078125e-05], "comm_recv": [0.5102581977844238, 0.18062996864318848, 0.19617772102355957], "conv_send": [0.0004799365997314453, 0.0006341934204101562, 0.0006537437438964844], "conv_recv": [7.104873657226562e-05, 5.936622619628906e-05, 6.29425048828125e-05], "epochs": [1.6806824207305908, 0.980741024017334, 0.9861068725585938]}}