{"times": {"train": [1.3869106769561768, 0.7801923751831055, 0.7758665084838867], "comm_send": [3.0994415283203125e-05, 3.7670135498046875e-05, 3.647804260253906e-05], "comm_recv": [0.2921013832092285, 0.19879627227783203, 0.20846867561340332], "conv_send": [0.0006074905395507812, 0.0007102489471435547, 0.0006375312805175781], "conv_recv": [7.152557373046875e-05, 6.628036499023438e-05, 7.05718994140625e-05], "epochs": [1.6807162761688232, 0.9807219505310059, 0.9860968589782715]}}