{"acc": [0.584689136169472, 0.7688105089784276, 0.8494355843008075, 0.9024491490244915, 0.9562259805300017], "mcc": [0.3761803133225304, 0.6420148907871445, 0.7740079493455344, 0.8513050615886818, 0.9321979150069051], "f1": [0.5171956226047127, 0.7607586068600357, 0.8424995786083121, 0.8994421772697906, 0.9571583268101], "times": {"epochs": [1.2004413604736328, 0.7746896743774414, 0.7747557163238525, 0.7901453971862793, 0.8123719692230225], "sync": [0.06429147720336914, 0.06505537033081055], "comm_send": [2.4318695068359375e-05, 2.3603439331054688e-05, 2.2411346435546875e-05, 2.4557113647460938e-05, 2.193450927734375e-05, 2.8133392333984375e-05, 2.09808349609375e-05, 3.457069396972656e-05, 2.5987625122070312e-05, 2.2172927856445312e-05, 2.0503997802734375e-05], "comm_recv": [1.1706078052520752, 0.029372692108154297, 0.33225417137145996, 0.4419362545013428, 0.05093789100646973, 0.723339319229126, 3.3855438232421875e-05, 0.7896497249603271, 3.0279159545898438e-05, 0.8118553161621094, 4.410743713378906e-05], "conv_send": [5.054473876953125e-05, 4.291534423828125e-05, 5.745887756347656e-05, 4.6253204345703125e-05, 4.9591064453125e-05, 4.696846008300781e-05, 4.315376281738281e-05, 5.364418029785156e-05, 5.698204040527344e-05, 4.4345855712890625e-05, 4.3392181396484375e-05], "conv_recv": [6.556510925292969e-05, 4.9114227294921875e-05, 6.0558319091796875e-05, 4.863739013671875e-05, 5.340576171875e-05, 5.4836273193359375e-05, 3.24249267578125e-05, 6.341934204101562e-05, 3.790855407714844e-05, 5.030632019042969e-05, 3.0517578125e-05], "global_times": [1.6064667701721191, 2.6061580181121826, 3.5777571201324463, 4.568746328353882, 5.591932058334351]}}