{"times": {"train": [1.196554183959961, 0.7737493515014648, 0.7737064361572266, 0.8027493953704834, 0.8143091201782227], "comm_send": [4.7206878662109375e-05, 4.076957702636719e-05, 4.5299530029296875e-05, 0.18774771690368652, 0.20679712295532227], "comm_recv": [0.00020051002502441406, 0.0002040863037109375, 0.00023555755615234375, 0.00021004676818847656, 0.00014448165893554688], "conv_send": [0.0006122589111328125, 0.0006384849548339844, 0.0007154941558837891, 0.0005412101745605469, 0.0004925727844238281], "conv_recv": [2.6702880859375e-05, 2.6941299438476562e-05, 3.147125244140625e-05, 6.556510925292969e-05, 7.557868957519531e-05], "epochs": [1.1987979412078857, 0.7758281230926514, 0.7759506702423096, 0.9925899505615234, 1.0231494903564453]}}