{"times": {"train": [1.1669881343841553, 0.7004990577697754, 0.7160096168518066, 0.7663578987121582, 0.7875607013702393, 0.8113830089569092], "comm_send": [6.198883056640625e-05, 4.744529724121094e-05, 4.029273986816406e-05, 0.15233445167541504, 3.910064697265625e-05, 3.647804260253906e-05], "comm_recv": [0.00023627281188964844, 0.00027179718017578125, 0.00021696090698242188, 0.0001480579376220703, 0.0002760887145996094, 0.0001995563507080078], "conv_send": [0.0005018711090087891, 0.0006642341613769531, 0.0005962848663330078, 0.0006456375122070312, 0.0006453990936279297, 0.0006647109985351562], "conv_recv": [3.409385681152344e-05, 3.719329833984375e-05, 2.5272369384765625e-05, 4.982948303222656e-05, 4.4345855712890625e-05, 2.6464462280273438e-05], "epochs": [1.1690583229064941, 0.7029242515563965, 0.7180030345916748, 0.9208540916442871, 0.7897489070892334, 0.8135008811950684]}}