{"acc": [0.8091029606716748, 0.9300070970420065, 0.9607787999303686], "mcc": [0.7150220114216465, 0.89476002654169, 0.939344078085717], "f1": [0.8003365456422394, 0.932674874199528, 0.9620965727747309], "times": {"epochs": [1.4651861190795898, 0.9819245338439941, 1.0195720195770264], "sync": [0.0832827091217041, 0.08433198928833008], "comm_send": [4.553794860839844e-05, 4.458427429199219e-05, 6.556510925292969e-05], "comm_recv": [1.1893727779388428, 0.0020439624786376953, 0.7863643169403076, 0.004559040069580078, 0.8193833827972412, 0.010299921035766602], "conv_send": [5.1975250244140625e-05, 5.269050598144531e-05, 5.555152893066406e-05], "conv_recv": [5.1021575927734375e-05, 2.8371810913085938e-05, 7.128715515136719e-05, 5.7697296142578125e-05, 7.081031799316406e-05, 5.364418029785156e-05], "global_times": [1.5495223999023438, 2.5314903259277344, 3.5510916709899902]}}