{"times": {"train": [1.1876676082611084, 0.7893102169036865, 0.8177876472473145], "comm_send": [2.9325485229492188e-05, 3.314018249511719e-05, 4.9114227294921875e-05], "comm_recv": [0.2736649513244629, 0.19090652465820312, 0.20019984245300293], "conv_send": [0.0005114078521728516, 0.0006060600280761719, 0.0006012916564941406], "conv_recv": [7.152557373046875e-05, 5.030632019042969e-05, 6.461143493652344e-05], "epochs": [1.4629507064819336, 0.9817702770233154, 1.01987886428833]}}