{"times": {"train": [1.185464859008789, 0.784588098526001, 0.8282904624938965], "comm_send": [5.6743621826171875e-05, 4.1484832763671875e-05, 4.38690185546875e-05], "comm_recv": [0.2758028507232666, 0.19557547569274902, 0.18978190422058105], "conv_send": [0.0007290840148925781, 0.0006730556488037109, 0.0005304813385009766], "conv_recv": [7.295608520507812e-05, 5.340576171875e-05, 6.67572021484375e-05], "epochs": [1.463104009628296, 0.9818141460418701, 1.019695520401001]}}